digest	shard0	shard1	shard2	max
19c500bb2031ac70754a760b824bc004	209.3	159.4	155.6	209.3
9aa7a613f2a4752d21c403594761f734	207.7	160.8	158.0	207.7
15dbd84811437680ff03f5a2c2b5f940	231.0	160.0	204.0	231.0
31d6bf0afff57e543add40fcc997bdf5	208.7	167.1	203.4	208.7
cb54df6c0fdb315eeab6d8315e5df115	247.4	211.9	152.4	247.4
6e9cc8e6736bc32c63d41628f226022c	230.0	161.5	159.2	230.0
17a2320ed0f6cc25c7df581745fe7546	212.1	205.1	158.1	212.1
3eb118669f2a847355e7b112ab2e2e98	228.1	248.2	193.1	248.2
279f541fbe479f034f474ee5e403101f	207.0	159.3	154.8	207.0
b45fb3e69a53104a0af627731d874bc8	235.7	155.8	231.5	235.7
5334143a1ce85caee27dc236d16c35e8	148.3	157.1	158.8	158.8
cc7cdcef96c98c167ec6e324a345ce9f	218.9	181.4	159.9	218.9
929f06dd9de0bed8d289c714ca008b8e	208.7	157.4	161.2	208.7
114eae69b7f5502cabb07dbf15567570	180.6	156.5	168.3	180.6
3d235e5813f619e5f008f1d79c79cf89	212.4	159.4	150.5	212.4
287cb3f0d3d9ac912e8c770bda569e37	213.6	176.0	162.7	213.6
29d556b6ad4a51a6bd5ecd66ada94600	206.0	158.6	160.2	206.0
4379c6ae6b15e011dda6452dbc688535	165.9	158.1	166.1	166.1
f92e14347dd696331e1730c8db97cd25	219.4	280.1	144.5	280.1
80efdac382db6a9d13026f57563b2a67	213.8	155.7	219.3	219.3
3ba38d6b1234b2a6b951873963c6c1c4	170.3	154.6	140.1	170.3
76c48ebae45f2ab71c36a59725745aef	256.5	155.6	135.6	256.5
455dda2c8388b9373b4137121e232ecc	223.9	153.1	138.9	223.9
55af78b28d6925b8983e232698fc69fb	250.2	156.2	153.9	250.2
e5709a12e4e5ee46ec39686f0e49ec24	223.5	210.4	142.3	223.5
e831bd85428cd0d8f1238bd701da9f2c	157.3	212.4	143.4	212.4
a822d4e8bdd009c9372068eb6f1c32d5	287.5	162.8	145.0	287.5
d5ba19d4caa3e98af99e8768a1d9f3b3	168.4	156.8	156.1	168.4
169fd2e3b7038f90d38c6b57fc5043a1	203.2	158.5	160.7	203.2
8af9faba4a403ff53c74e7fed3a11e9f	177.3	156.3	155.8	177.3
7155987b0c92c8edeff6fc1236598008	151.7	186.9	152.8	186.9
2ebc14111d06c3ef82510da6aec7562b	193.4	158.2	153.7	193.4
f030502e56c28877b2225d154d7440a9	146.4	156.8	147.4	156.8
00a1e6c88a57748314dc3106a2b357c8	274.4	157.2	157.5	274.4
b815c9b097c3087c62ba791a52116c11	168.5	158.0	153.2	168.5
0c7d238676b9cea71439cd028e0b80a7	243.1	158.8	162.4	243.1
62b13c52fffdf9e47638d6dc07e4baeb	237.9	199.9	153.5	237.9
3362c15249f46d9544842d39dc440220	332.9	159.1	154.3	332.9
dfc09b752fb367e5ef5826a039dd3498	184.9	162.7	188.0	188.0
01556101b00295733900c609a7e727a0	184.1	157.5	188.8	188.8
1c0e5d3cfe0defa7dbc2ef6b5bc010fa	152.3	168.3	154.2	168.3
a28aa0d64051df9f9f52f35902d085c3	178.3	165.2	168.7	178.3
7f2b555bbab60a9dfaaf4e23bf50ec74	218.1	161.1	154.5	218.1
4fa72f2beb5e474993241ced28a6d8d9	183.1	155.7	141.5	183.1
130096fbd3eb4945607f5a195916ee51	310.0	155.7	143.4	310.0
694a567ff20c07866d79982bdede17ad	171.0	158.8	185.0	185.0
eb660338abb5926e308b117bf1647ee4	174.3	155.8	148.3	174.3
db6cc4902da4b5c595f5a912afee3ef3	206.5	157.9	186.3	206.5
8700cb61020a53acc4f7eb9882bf29f8	150.0	157.6	168.1	168.1
7959c9377b8f302c07f0f3d8f46c2039	281.7	155.8	204.2	281.7
21c248e1a1f4b762e09d2c5cbd620db3	198.0	161.2	186.2	198.0
d0b0d273d47526776627855c533d3742	186.0	156.1	148.4	186.0
d5c5ea97653d902ef311fb6e77841567	147.9	167.6	150.9	167.6
0508f835d6e689949b654e9f81df2370	183.1	155.3	152.3	183.1
9ccc3cd73b6974acd0ab139baa73bfcb	178.3	181.8	161.6	181.8
1e5f95534e683745e7471629a677599b	225.0	180.4	150.8	225.0
f0765976b8652e7601b380422034c72b	281.6	166.3	154.4	281.6
86bd457cd018b1fc0a808b766a7484ae	185.4	160.0	155.6	185.4
