plan	shard	n_nodes	ledger_load	sum_true_median_s	makespan48_true_median_s	sum_latest_run_s	makespan48_latest_run_s
A0	0	4304	7042.9	5449.5	115.1	5961.1	135.5
A0	1	11599	5329.0	4971.5	151.6	4940.8	160.0
A0	2	12362	5329.0	5433.6	153.7	5564.0	155.6
A1	0	4304	5449.5	5449.5	115.1	5961.1	135.5
A1	1	12209	5202.5	5202.5	147.7	5048.1	160.0
A1	2	11752	5202.5	5202.5	153.7	5456.6	155.6
A2	0	4304	5617.8	5449.5	115.1	5961.1	135.5
A2	1	12644	5471.3	5361.1	147.7	5358.6	160.0
A2	2	11317	5471.3	5044.0	153.7	5146.2	155.6
A2b	0	8707	5502.1	5960.0	124.2	6479.6	135.5
A2b	1	9765	5502.1	5146.4	151.6	5109.5	150.6
A2b	2	9793	5502.1	4748.1	153.7	4876.8	160.0
A3p	0	5445	5524.3	5455.7	115.1	5968.2	135.5
A3p	1	11223	5524.3	5001.7	151.6	5031.7	160.0
A3p	2	11597	5524.3	5397.1	153.7	5466.1	155.6
