digest,i0,c0,h0,ts0,q0,W0,end0,host0,pre0,bw0,bwdur0,bwitems0,fixed0,tail0,sel0,i1,c1,h1,ts1,q1,W1,end1,host1,pre1,bw1,bwdur1,bwitems1,fixed1,tail1,sel1,i2,c2,h2,ts2,q2,W2,end2,host2,pre2,bw2,bwdur2,bwitems2,fixed2,tail2,sel2,merged_mtime,first_intent,total,first_confirm,last_confirm,last_end,last_handled,last_shard,maxW_shard,pre_submit,queue_max,shard_span,post,post_handled,start_str
19c500bb2031ac70754a760b824bc004,1790617302.0,1790617306.0,1790619461.0,1790619095.28,1789.28,352.146,1790619447.426,bnode131,132.71,gw2,209.342,10,142.804,10.032,4302,1790617302.0,1790617303.0,1790618745.0,1790618436.498,1133.498,297.081,1790618733.579,bnode129,133.329,gw0,159.396,50,137.685,4.205,11427,1790617302.0,1790617304.0,1790618242.0,1790617934.804,630.804,293.913,1790618228.717,bnode141,134.325,gw1,155.63,2,138.283,3.887,12242,1790619463.0,1790617302.0,2161.0,1790617303.0,1790617306.0,1790619447.426,1790619461.0,0,0,4.0,1789.28,2144.426,15.574,2.0,09-29 02:41:42
9aa7a613f2a4752d21c403594761f734,1790618481.0,1790618486.0,1790619771.0,1790619397.351,911.351,359.777,1790619757.128,bnode141,133.867,gw2,207.659,11,152.118,10.073,4302,1790618481.0,1790618483.0,1790619548.0,1790619234.325,751.325,298.273,1790619532.598,bnode129,133.198,gw0,160.765,50,137.508,4.189,11427,1790618481.0,1790618484.0,1790619006.0,1790618695.447,211.447,296.867,1790618992.314,bnode141,134.855,gw1,157.97,2,138.897,3.911,12242,1790619772.0,1790618481.0,1291.0,1790618483.0,1790618486.0,1790619757.128,1790619771.0,0,0,5.0,911.351,1274.128,14.872,1.0,09-29 03:01:21
15dbd84811437680ff03f5a2c2b5f940,1790629341.0,1790629345.0,1790631078.0,1790630749.87,1404.87,315.185,1790631065.055,bnode080,73.869,gw2,231.044,10,84.141,10.033,4302,1790629341.0,1790629342.0,1790631004.0,1790630749.869,1407.869,238.673,1790630988.542,bnode077,74.392,gw0,159.955,50,78.718,3.734,11427,1790629341.0,1790629343.0,1790631051.0,1790630749.866,1406.866,286.883,1790631036.749,bnode078,78.9,gw1,204.016,2,82.867,3.484,12242,1790631080.0,1790629341.0,1739.0,1790629342.0,1790629345.0,1790631065.055,1790631078.0,0,0,4.0,1407.869,1723.055,14.945,2.0,09-29 06:02:21
31d6bf0afff57e543add40fcc997bdf5,1790630333.0,1790630337.0,1790631063.0,1790630749.875,412.875,297.407,1790631047.282,bnode075,73.739,gw1,208.745,11,88.662,10.061,4302,1790630333.0,1790630335.0,1790631016.0,1790630749.891,414.891,251.833,1790631001.724,bnode074,80.339,gw0,167.147,50,84.686,3.771,11427,1790630333.0,1790630334.0,1790631050.0,1790630749.868,415.868,287.255,1790631037.123,bnode070,79.88,gw1,203.396,2,83.859,3.473,12242,1790631064.0,1790630333.0,731.0,1790630334.0,1790630337.0,1790631047.282,1790631063.0,0,0,4.0,415.868,713.282,16.718,1.0,09-29 06:18:53
cb54df6c0fdb315eeab6d8315e5df115,1790631359.0,1790631362.0,1790631846.0,1790631478.169,116.169,353.909,1790631832.078,bnode092,75.56,gw2,247.393,13,106.516,10.026,4302,1790631359.0,1790631363.0,1790631835.0,1790631519.611,156.611,301.539,1790631821.15,bnode108,85.702,gw2,211.872,2,89.667,3.449,11427,1790631359.0,1790631360.0,1790631723.0,1790631478.169,118.169,231.184,1790631709.353,bnode087,74.791,gw1,152.385,2,78.799,3.484,12242,1790631847.0,1790631359.0,488.0,1790631360.0,1790631363.0,1790631832.078,1790631846.0,0,0,4.0,156.611,472.078,14.922,1.0,09-29 06:35:59
6e9cc8e6736bc32c63d41628f226022c,1790632127.0,1790632131.0,1790632593.0,1790632198.137,67.137,380.725,1790632578.862,bnode067,135.52,gw2,229.993,10,150.732,10.027,4302,1790632127.0,1790632128.0,1790632477.0,1790632158.631,30.631,301.83,1790632460.461,bnode069,135.927,gw0,161.544,50,140.286,4.173,11427,1790632127.0,1790632129.0,1790632478.0,1790632166.845,37.845,298.616,1790632465.461,bnode071,135.388,gw1,159.174,2,139.442,3.884,12242,1790632594.0,1790632127.0,467.0,1790632128.0,1790632131.0,1790632578.862,1790632593.0,0,0,4.0,67.137,450.862,15.138,1.0,09-29 06:48:47
17a2320ed0f6cc25c7df581745fe7546,1790633013.0,1790633014.0,1790633429.0,1790633034.149,20.149,379.196,1790633413.345,bnode071,96.505,gw5,212.149,22,167.047,10.056,4304,1790633013.0,1790633016.0,1790633354.0,1790633043.891,27.891,296.051,1790633339.942,bnode087,87.269,gw2,205.052,2,90.999,3.597,11427,1790633013.0,1790633017.0,1790633315.0,1790633062.329,45.329,236.323,1790633298.652,bnode091,74.082,gw1,158.092,2,78.231,3.504,12242,1790633431.0,1790633013.0,418.0,1790633014.0,1790633017.0,1790633413.345,1790633429.0,0,0,4.0,45.329,399.345,17.655,2.0,09-29 07:03:33
3eb118669f2a847355e7b112ab2e2e98,1790633799.0,1790633802.0,1790634268.0,1790633933.659,131.659,321.576,1790634255.235,bnode068,68.207,gw44,228.106,51,93.47,10.346,4302,1790633799.0,1790633800.0,1790634211.0,1790633845.124,45.124,349.375,1790634194.499,bnode106,97.213,gw2,248.151,2,101.224,3.496,10857,1790633799.0,1790633803.0,1790634249.0,1790633960.236,157.236,271.877,1790634232.113,bnode092,74.711,gw1,193.091,2,78.786,3.55,12820,1790634270.0,1790633799.0,471.0,1790633800.0,1790633803.0,1790634255.235,1790634268.0,0,1,4.0,157.236,455.235,14.765,2.0,09-29 07:16:39
279f541fbe479f034f474ee5e403101f,1790635023.0,1790635025.0,1790635359.0,1790635055.707,30.707,289.233,1790635344.94,bnode137,71.988,gw1,206.97,11,82.263,10.067,4304,1790635023.0,1790635024.0,1790635665.0,1790635417.42,393.42,235.425,1790635652.845,bnode071,71.802,gw0,159.286,50,76.139,3.804,11427,1790635023.0,1790635027.0,1790635299.0,1790635052.902,25.902,231.474,1790635284.376,bnode148,72.685,gw1,154.775,2,76.699,3.475,12242,1790635667.0,1790635023.0,644.0,1790635024.0,1790635027.0,1790635652.845,1790635665.0,1,0,4.0,393.42,628.845,14.155,2.0,09-29 07:37:03
b45fb3e69a53104a0af627731d874bc8,1790635883.0,1790635886.0,1790636304.0,1790635969.661,83.661,317.295,1790636286.956,bnode040,71.382,gw1,235.71,11,81.585,10.032,4304,1790635883.0,1790635884.0,1790636160.0,1790635914.838,30.838,233.093,1790636147.931,bnode041,72.973,gw0,155.81,50,77.283,3.761,11933,1790635883.0,1790635887.0,1790636329.0,1790635975.908,88.908,337.078,1790636312.986,bnode042,101.488,gw1,231.535,2,105.543,3.452,11739,1790636331.0,1790635883.0,448.0,1790635884.0,1790635887.0,1790636312.986,1790636329.0,2,2,4.0,88.908,428.986,18.014,2.0,09-29 07:51:23
5334143a1ce85caee27dc236d16c35e8,1790636167.0,1790636169.0,1790636456.0,1790636192.87,23.87,250.212,1790636443.082,bnode085,67.013,gw34,148.255,12,101.957,10.029,4302,1790636167.0,1790636170.0,1790636437.0,1790636192.834,22.834,228.723,1790636421.557,bnode148,67.39,gw0,157.082,50,71.641,3.742,10857,1790636167.0,1790636172.0,1790636520.0,1790636270.777,98.777,232.516,1790636503.293,bnode071,69.636,gw1,158.809,2,73.707,3.463,12820,1790636522.0,1790636167.0,355.0,1790636169.0,1790636172.0,1790636503.293,1790636520.0,2,0,5.0,98.777,334.293,18.707,2.0,09-29 07:56:07
cc7cdcef96c98c167ec6e324a345ce9f,1790636601.0,1790636603.0,1790638093.0,1790637770.726,1167.726,310.624,1790638081.35,bnode085,69.862,gw2,218.948,10,91.676,10.076,4304,1790636601.0,1790636602.0,1790638036.0,1790637754.856,1152.856,265.651,1790638020.507,bnode082,80.124,gw2,181.395,2,84.256,3.478,11427,1790636601.0,1790636604.0,1790636881.0,1790636631.884,27.884,236.816,1790636868.7,bnode089,72.8,gw1,159.941,2,76.875,3.506,12242,1790638095.0,1790636601.0,1494.0,1790636602.0,1790636604.0,1790638081.35,1790638093.0,0,0,3.0,1167.726,1479.35,13.65,2.0,09-29 08:03:21
929f06dd9de0bed8d289c714ca008b8e,1790637081.0,1790637082.0,1790637471.0,1790637104.197,22.197,352.512,1790637456.709,bnode043,128.142,gw1,208.65,11,143.862,10.029,4304,1790637081.0,1790637084.0,1790637796.0,1790637490.474,406.474,291.06,1790637781.534,bnode068,129.349,gw0,157.405,50,133.655,4.169,11896,1790637081.0,1790637083.0,1790638558.0,1790638250.315,1167.315,294.347,1790638544.662,bnode047,129.166,gw1,161.234,2,133.113,3.88,11793,1790638559.0,1790637081.0,1478.0,1790637082.0,1790637084.0,1790638544.662,1790638558.0,2,0,3.0,1167.315,1462.662,14.338,1.0,09-29 08:11:21
114eae69b7f5502cabb07dbf15567570,1790638372.0,1790638374.0,1790638712.0,1790638438.631,64.631,259.26,1790638697.891,bnode070,68.419,gw40,180.565,13,78.695,10.029,4302,1790638372.0,1790638373.0,1790638680.0,1790638439.34,66.34,229.211,1790638668.551,bnode069,68.425,gw0,156.549,50,72.662,3.767,10857,1790638372.0,1790638376.0,1790638703.0,1790638443.391,67.391,246.603,1790638689.994,bnode074,74.335,gw1,168.272,2,78.331,3.481,12820,1790638713.0,1790638372.0,341.0,1790638373.0,1790638376.0,1790638697.891,1790638712.0,0,0,4.0,67.391,324.891,15.109,1.0,09-29 08:32:52
3d235e5813f619e5f008f1d79c79cf89,1790638867.0,1790638871.0,1790639214.0,1790638900.158,29.158,299.717,1790639199.875,bnode078,74.661,gw2,212.352,10,87.365,10.064,4302,1790638867.0,1790638869.0,1790639151.0,1790638900.153,31.153,238.853,1790639139.006,bnode077,75.132,gw0,159.383,50,79.47,3.773,11427,1790638867.0,1790638868.0,1790639145.0,1790638900.162,32.162,229.053,1790639129.215,bnode076,74.557,gw1,150.474,2,78.579,3.451,12242,1790639215.0,1790638867.0,348.0,1790638868.0,1790638871.0,1790639199.875,1790639214.0,0,0,4.0,32.162,331.875,15.125,1.0,09-29 08:41:07
287cb3f0d3d9ac912e8c770bda569e37,1790638969.0,1790638972.0,1790639422.0,1790639037.87,65.87,367.9,1790639405.77,bnode040,129.308,gw2,213.583,11,154.317,10.031,4304,1790638969.0,1790638973.0,1790639326.0,1790639006.277,33.277,307.584,1790639313.861,bnode072,127.55,gw2,176.04,2,131.544,3.925,11896,1790638969.0,1790638970.0,1790639308.0,1790639000.219,30.219,295.426,1790639295.645,bnode089,128.825,gw1,162.677,2,132.749,3.858,11793,1790639424.0,1790638969.0,455.0,1790638970.0,1790638973.0,1790639405.77,1790639422.0,0,0,4.0,65.87,435.77,18.23,2.0,09-29 08:42:49
29d556b6ad4a51a6bd5ecd66ada94600,1790639676.0,1790639677.0,1790640021.0,1790639714.168,37.168,292.62,1790640006.788,bnode077,74.095,gw2,205.973,10,86.647,10.067,4302,1790639676.0,1790639679.0,1790639966.0,1790639714.186,35.186,238.733,1790639952.919,bnode087,75.725,gw0,158.634,50,80.099,3.745,11427,1790639676.0,1790639680.0,1790639967.0,1790639714.208,34.208,238.984,1790639953.192,bnode088,74.623,gw1,160.228,2,78.756,3.468,12242,1790640022.0,1790639676.0,346.0,1790639677.0,1790639680.0,1790640006.788,1790640021.0,0,0,4.0,37.168,329.788,15.212,1.0,09-29 08:54:36
4379c6ae6b15e011dda6452dbc688535,1790640221.0,1790640224.0,1790640538.0,1790640246.864,22.864,276.108,1790640522.972,bnode053,69.401,gw41,165.891,11,110.217,10.03,4302,1790640221.0,1790640225.0,1790640498.0,1790640248.11,23.11,233.359,1790640481.469,bnode062,70.889,gw0,158.146,50,75.213,3.769,10857,1790640221.0,1790640222.0,1790640500.0,1790640246.823,24.823,239.918,1790640486.741,bnode051,69.658,gw1,166.073,2,73.845,3.469,12820,1790640540.0,1790640221.0,319.0,1790640222.0,1790640225.0,1790640522.972,1790640538.0,0,0,4.0,24.823,300.972,17.028,2.0,09-29 09:03:41
f92e14347dd696331e1730c8db97cd25,1790642167.0,1790642172.0,1790642503.0,1790642192.997,20.997,296.548,1790642489.545,bnode039,66.793,gw1,219.434,11,77.114,10.063,4304,1790642167.0,1790642169.0,1790642592.0,1790642197.892,28.892,381.375,1790642579.267,bnode026,97.279,gw2,280.125,2,101.25,3.48,11543,1790642167.0,1790642171.0,1790642424.0,1790642192.984,21.984,217.173,1790642410.157,bnode029,68.543,gw1,144.452,2,72.721,3.518,12165,1790642594.0,1790642167.0,427.0,1790642169.0,1790642172.0,1790642579.267,1790642592.0,1,1,5.0,28.892,410.267,14.733,2.0,09-29 09:36:07
80efdac382db6a9d13026f57563b2a67,1790642223.0,1790642229.0,1790642632.0,1790642253.462,24.462,363.462,1790642616.924,bnode045,135.128,gw2,213.757,10,149.705,10.056,4304,1790642223.0,1790642225.0,1790642555.0,1790642245.001,20.001,295.526,1790642540.527,bnode044,135.475,gw0,155.714,50,139.812,4.19,11896,1790642223.0,1790642227.0,1790642630.0,1790642255.25,28.25,360.59,1790642615.84,bnode042,137.174,gw11,219.333,2,141.257,3.897,11793,1790642634.0,1790642223.0,411.0,1790642225.0,1790642229.0,1790642616.924,1790642632.0,0,0,6.0,28.25,391.924,17.076,2.0,09-29 09:37:03
3ba38d6b1234b2a6b951873963c6c1c4,1790643780.0,1790643783.0,1790644081.0,1790643807.678,24.678,256.501,1790644064.179,bnode039,66.809,gw41,170.272,13,86.229,10.028,4304,1790643780.0,1790643781.0,1790644043.0,1790643801.332,20.332,227.779,1790644029.111,bnode029,69.178,gw0,154.647,50,73.132,3.768,11687,1790643780.0,1790643784.0,1790644031.0,1790643807.673,23.673,210.589,1790644018.262,bnode081,66.951,gw1,140.059,2,70.53,3.487,12010,1790644083.0,1790643780.0,303.0,1790643781.0,1790643784.0,1790644064.179,1790644081.0,0,0,4.0,24.678,283.179,18.821,2.0,09-29 10:03:00
76c48ebae45f2ab71c36a59725745aef,1790646271.0,1790646276.0,1790646645.0,1790646296.297,20.297,334.185,1790646630.482,bnode065,67.406,gw2,256.459,10,77.726,10.074,4304,1790646271.0,1790646274.0,1790646536.0,1790646295.041,21.041,227.765,1790646522.806,bnode070,67.942,gw0,155.552,50,72.213,3.753,11896,1790646271.0,1790646273.0,1790646514.0,1790646293.385,20.385,207.977,1790646501.362,bnode069,68.323,gw1,135.602,2,72.375,3.514,11793,1790646647.0,1790646271.0,376.0,1790646273.0,1790646276.0,1790646630.482,1790646645.0,0,0,5.0,21.041,357.482,16.518,2.0,09-29 10:44:31
455dda2c8388b9373b4137121e232ecc,1790646609.0,1790646610.0,1790646949.0,1790646630.419,20.419,302.473,1790646932.892,bnode045,68.305,gw2,223.919,10,78.554,10.074,4304,1790646609.0,1790646611.0,1790646873.0,1790646631.619,20.619,225.377,1790646856.996,bnode046,68.005,gw0,153.079,50,72.298,3.775,10656,1790646609.0,1790646613.0,1790646859.0,1790646632.921,19.921,210.741,1790646843.662,bnode047,67.664,gw1,138.876,2,71.865,3.546,13080,1790646950.0,1790646609.0,341.0,1790646610.0,1790646613.0,1790646932.892,1790646949.0,0,0,4.0,20.619,322.892,17.108,1.0,09-29 10:50:09
55af78b28d6925b8983e232698fc69fb,1790647373.0,1790647375.0,1790647816.0,1790647406.954,31.954,396.633,1790647803.587,bnode067,136.234,gw21,250.184,5,146.449,10.063,4304,1790647373.0,1790647377.0,1790647720.0,1790647406.937,29.937,296.744,1790647703.681,bnode070,136.216,gw0,156.153,50,140.591,4.209,11543,1790647373.0,1790647374.0,1790647718.0,1790647406.929,32.929,295.557,1790647702.486,bnode021,135.922,gw2,153.886,83,141.671,4.121,12165,1790647818.0,1790647373.0,445.0,1790647374.0,1790647377.0,1790647803.587,1790647816.0,0,0,4.0,32.929,429.587,14.413,2.0,09-29 11:02:53
e5709a12e4e5ee46ec39686f0e49ec24,1790648441.0,1790648442.0,1790648873.0,1790648476.461,34.461,382.42,1790648858.881,bnode013,134.657,gw35,223.509,26,158.911,10.033,4304,1790648441.0,1790648444.0,1790648839.0,1790648476.521,32.521,349.709,1790648826.23,bnode026,135.237,gw1,210.361,2,139.348,3.92,11543,1790648441.0,1790648445.0,1790648774.0,1790648476.434,31.434,282.096,1790648758.53,bnode029,135.77,gw1,142.304,2,139.792,3.929,12165,1790648875.0,1790648441.0,434.0,1790648442.0,1790648445.0,1790648858.881,1790648873.0,0,0,4.0,34.461,416.881,16.119,2.0,09-29 11:20:41
e831bd85428cd0d8f1238bd701da9f2c,1790649448.0,1790649449.0,1790649777.0,1790649475.735,26.735,286.638,1790649762.373,bnode005,83.14,gw6,157.256,14,129.382,10.028,4304,1790649448.0,1790649452.0,1790650179.0,1790649867.229,415.229,298.501,1790650165.73,bnode042,81.865,gw2,212.429,2,86.072,3.666,12352,1790649448.0,1790649450.0,1790650091.0,1790649860.313,410.313,213.839,1790650074.152,bnode029,66.612,gw1,143.428,2,70.411,3.711,11364,1790650181.0,1790649448.0,733.0,1790649449.0,1790649452.0,1790650165.73,1790650179.0,1,1,4.0,415.229,716.73,15.27,2.0,09-29 11:37:28
a822d4e8bdd009c9372068eb6f1c32d5,1790650491.0,1790650494.0,1790650966.0,1790650525.082,31.082,426.013,1790650951.095,bnode026,76.262,gw36,287.465,19,138.548,10.053,4304,1790650491.0,1790650493.0,1790650769.0,1790650524.787,31.787,232.958,1790650757.745,bnode008,66.586,gw2,162.76,2,70.198,3.479,11027,1790650491.0,1790650495.0,1790651136.0,1790650905.136,410.136,216.111,1790651121.247,bnode029,67.605,gw1,144.957,2,71.154,3.477,12725,1790651138.0,1790650491.0,647.0,1790650493.0,1790650495.0,1790651121.247,1790651136.0,2,0,4.0,410.136,628.247,16.753,2.0,09-29 11:54:51
d5ba19d4caa3e98af99e8768a1d9f3b3,1790651312.0,1790651315.0,1790651668.0,1790651341.275,26.275,313.691,1790651654.966,bnode055,135.174,gw20,168.394,5,145.297,10.028,4304,1790651312.0,1790651314.0,1790652031.0,1790651717.393,403.393,296.939,1790652014.332,bnode040,135.697,gw0,156.839,50,140.1,4.262,11679,1790651312.0,1790651316.0,1790651654.0,1790651341.272,25.272,297.856,1790651639.128,bnode056,137.719,gw14,156.135,2,141.721,3.877,12084,1790652032.0,1790651312.0,720.0,1790651314.0,1790651316.0,1790652014.332,1790652031.0,1,0,4.0,403.393,700.332,17.668,1.0,09-29 12:08:32
169fd2e3b7038f90d38c6b57fc5043a1,1790651319.0,1790651320.0,1790651704.0,1790651343.547,23.547,347.843,1790651691.39,bnode057,134.457,gw36,203.167,5,144.676,10.061,4304,1790651319.0,1790651323.0,1790651661.0,1790651346.547,23.547,299.924,1790651646.471,bnode059,137.116,gw0,158.465,50,141.459,4.206,11679,1790651319.0,1790651322.0,1790651664.0,1790651348.047,26.047,300.907,1790651648.954,bnode058,136.237,gw14,160.659,2,140.248,3.92,12084,1790651706.0,1790651319.0,387.0,1790651320.0,1790651323.0,1790651691.39,1790651704.0,0,0,4.0,26.047,371.39,14.61,2.0,09-29 12:08:39
8af9faba4a403ff53c74e7fed3a11e9f,1790652273.0,1790652277.0,1790652722.0,1790652342.685,65.685,365.7,1790652708.385,bnode132,132.542,gw14,177.28,18,188.42,10.038,4304,1790652273.0,1790652274.0,1790652607.0,1790652295.503,21.503,297.144,1790652592.647,bnode008,136.478,gw0,156.264,50,140.88,4.242,11679,1790652273.0,1790652276.0,1790652614.0,1790652302.487,26.487,296.484,1790652598.971,bnode105,136.585,gw14,155.792,2,140.692,3.896,12084,1790652724.0,1790652273.0,451.0,1790652274.0,1790652277.0,1790652708.385,1790652722.0,0,0,4.0,65.685,434.385,15.615,2.0,09-29 12:24:33
7155987b0c92c8edeff6fc1236598008,1790653111.0,1790653115.0,1790653453.0,1790653135.946,20.946,303.752,1790653439.698,bnode055,135.729,gw36,151.657,5,152.095,10.03,4304,1790653111.0,1790653112.0,1790653476.0,1790653135.909,23.909,326.484,1790653462.393,bnode017,135.499,gw2,186.888,2,139.596,3.892,11168,1790653111.0,1790653113.0,1790653915.0,1790653607.066,494.066,292.766,1790653899.832,bnode040,135.891,gw14,152.821,2,139.945,3.917,12606,1790653916.0,1790653111.0,805.0,1790653112.0,1790653115.0,1790653899.832,1790653915.0,2,1,4.0,494.066,787.832,16.168,1.0,09-29 12:38:31
2ebc14111d06c3ef82510da6aec7562b,1790653930.0,1790653932.0,1790654312.0,1790653957.716,25.716,338.718,1790654296.434,bnode045,135.214,gw20,193.368,5,145.35,10.029,4304,1790653930.0,1790653934.0,1790654267.0,1790653957.688,23.688,297.564,1790654255.252,bnode046,135.0,gw0,158.181,50,139.383,4.231,11679,1790653930.0,1790653931.0,1790654654.0,1790654344.937,413.937,292.743,1790654637.68,bnode040,135.12,gw14,153.668,2,139.075,3.886,12084,1790654655.0,1790653930.0,725.0,1790653931.0,1790653934.0,1790654637.68,1790654654.0,2,0,4.0,413.937,706.68,17.32,1.0,09-29 12:52:10
f030502e56c28877b2225d154d7440a9,1790654264.0,1790654269.0,1790655028.0,1790654757.539,488.539,255.652,1790655013.191,bnode046,66.981,gw19,146.444,10,109.208,10.031,4304,1790654264.0,1790654267.0,1790654529.0,1790654288.047,21.047,227.31,1790654515.357,bnode027,66.196,gw0,156.83,50,70.48,3.783,11679,1790654264.0,1790654266.0,1790654522.0,1790654287.994,21.994,218.22,1790654506.214,bnode023,66.986,gw1,147.42,2,70.8,3.699,12084,1790655029.0,1790654264.0,765.0,1790654266.0,1790654269.0,1790655013.191,1790655028.0,0,0,5.0,488.539,747.191,15.809,1.0,09-29 12:57:44
00a1e6c88a57748314dc3106a2b357c8,1790655555.0,1790655558.0,1790656019.0,1790655583.775,25.775,422.09,1790656005.865,bnode042,136.446,gw37,274.366,28,147.724,10.029,4304,1790655555.0,1790655557.0,1790656279.0,1790655966.918,409.918,297.443,1790656264.361,bnode023,135.696,gw0,157.244,50,140.199,4.264,11830,1790655555.0,1790655559.0,1790655897.0,1790655583.764,24.764,297.446,1790655881.21,bnode048,135.974,gw14,157.488,2,139.958,3.894,11980,1790656280.0,1790655555.0,725.0,1790655557.0,1790655559.0,1790656264.361,1790656279.0,1,0,4.0,409.918,707.361,15.639,1.0,09-29 13:19:15
b815c9b097c3087c62ba791a52116c11,1790660921.0,1790660923.0,1790661293.0,1790660952.581,29.581,324.149,1790661276.73,bnode100,128.032,gw40,168.548,10,155.601,10.063,4304,1790660921.0,1790660925.0,1790661260.0,1790660952.585,27.585,291.413,1790661243.998,bnode101,128.724,gw0,157.972,50,133.441,4.119,12016,1790660922.0,1790660927.0,1790661252.0,1790660952.581,25.581,286.246,1790661238.827,bnode102,128.572,gw1,153.178,2,133.068,3.855,11819,1790661295.0,1790660921.0,374.0,1790660923.0,1790660927.0,1790661276.73,1790661293.0,0,0,6.0,29.581,353.73,18.27,2.0,09-29 14:48:41
0c7d238676b9cea71439cd028e0b80a7,1790662574.0,1790662578.0,1790663005.0,1790662599.623,21.623,390.986,1790662990.609,bnode085,112.062,gw19,243.06,23,147.926,10.053,4304,1790662574.0,1790662575.0,1790662889.0,1790662599.614,24.614,274.366,1790662873.98,bnode019,110.936,gw0,158.824,50,115.542,4.385,11830,1790662574.0,1790662577.0,1790662895.0,1790662599.6,22.6,279.133,1790662878.733,bnode021,112.675,gw1,162.448,2,116.685,3.792,11980,1790663007.0,1790662574.0,433.0,1790662575.0,1790662578.0,1790662990.609,1790663005.0,0,0,4.0,24.614,415.609,16.391,2.0,09-29 15:16:14
62b13c52fffdf9e47638d6dc07e4baeb,1790662804.0,1790662807.0,1790663229.0,1790662831.398,24.398,384.869,1790663216.267,bnode094,136.316,gw43,237.923,20,146.946,10.066,4304,1790662804.0,1790662806.0,1790663186.0,1790662829.66,23.66,340.603,1790663170.263,bnode086,136.504,gw1,199.944,2,140.659,3.986,11830,1790662804.0,1790662809.0,1790663138.0,1790662831.398,22.398,294.16,1790663125.558,bnode095,136.721,gw14,153.472,2,140.688,3.9,11980,1790663230.0,1790662804.0,426.0,1790662806.0,1790662809.0,1790663216.267,1790663229.0,0,0,5.0,24.398,410.267,13.733,1.0,09-29 15:20:04
3362c15249f46d9544842d39dc440220,1790663665.0,1790663666.0,1790664198.0,1790663703.074,37.074,481.049,1790664184.123,bnode018,137.711,gw5,332.892,21,148.157,10.058,4304,1790663665.0,1790663670.0,1790664194.0,1790663876.51,206.51,300.088,1790664176.598,bnode046,136.642,gw0,159.087,50,141.001,4.239,12016,1790663665.0,1790663668.0,1790664157.0,1790663845.874,177.874,295.217,1790664141.091,bnode096,136.898,gw14,154.349,2,140.868,3.903,11819,1790664200.0,1790663665.0,535.0,1790663666.0,1790663670.0,1790664184.123,1790664198.0,0,0,5.0,206.51,518.123,15.877,2.0,09-29 15:34:25
dfc09b752fb367e5ef5826a039dd3498,1790664225.0,1790664230.0,1790664610.0,1790664256.555,26.555,339.921,1790664596.476,bnode040,136.67,gw21,184.876,5,155.045,10.063,4304,1790664225.0,1790664228.0,1790664573.0,1790664256.564,28.564,302.802,1790664559.366,bnode035,135.975,gw2,162.663,2,140.139,4.095,12016,1790664225.0,1790664227.0,1790665738.0,1790665396.138,1169.138,329.291,1790665725.429,bnode018,137.287,gw1,188.02,2,141.271,3.909,11819,1790665740.0,1790664225.0,1515.0,1790664227.0,1790664230.0,1790665725.429,1790665738.0,2,0,5.0,1169.138,1498.429,14.571,2.0,09-29 15:43:45
01556101b00295733900c609a7e727a0,1790664684.0,1790664689.0,1790665443.0,1790665135.694,446.694,294.186,1790665429.88,bnode035,67.458,gw47,184.101,58,110.085,10.028,4304,1790664684.0,1790664686.0,1790664984.0,1790664716.474,30.474,254.47,1790664970.944,bnode032,92.836,gw0,157.498,50,96.972,3.96,12016,1790664684.0,1790664687.0,1790665031.0,1790664721.079,34.079,295.849,1790665016.928,bnode034,102.861,gw1,188.79,2,107.059,3.665,11819,1790665445.0,1790664684.0,761.0,1790664686.0,1790664689.0,1790665429.88,1790665443.0,0,2,5.0,446.694,743.88,15.12,2.0,09-29 15:51:24
1c0e5d3cfe0defa7dbc2ef6b5bc010fa,1790666306.0,1790666312.0,1790666657.0,1790666334.649,22.649,307.398,1790666642.047,bnode102,116.355,gw21,152.29,6,155.108,10.029,4304,1790666306.0,1790666308.0,1790666642.0,1790666334.757,26.757,290.622,1790666625.379,bnode055,118.016,gw0,168.315,50,122.307,4.124,12016,1790666306.0,1790666310.0,1790666624.0,1790666334.721,24.721,275.117,1790666609.838,bnode101,116.984,gw1,154.224,2,120.893,3.812,11819,1790666659.0,1790666306.0,353.0,1790666308.0,1790666312.0,1790666642.047,1790666657.0,0,0,6.0,26.757,334.047,16.953,2.0,09-29 16:18:26
a28aa0d64051df9f9f52f35902d085c3,1790666937.0,1790666938.0,1790667272.0,1790666976.202,38.202,281.897,1790667258.099,bnode032,90.056,gw40,178.264,14,103.633,10.028,4304,1790666937.0,1790666940.0,1790667253.0,1790666987.501,47.501,250.001,1790667237.502,bnode062,81.133,gw2,165.224,2,84.777,3.576,12016,1790666937.0,1790666941.0,1790667280.0,1790666993.777,52.777,272.574,1790667266.351,bnode066,99.665,gw1,168.677,2,103.897,3.677,11819,1790667282.0,1790666937.0,345.0,1790666938.0,1790666941.0,1790667266.351,1790667280.0,2,0,4.0,52.777,328.351,15.649,2.0,09-29 16:28:57
7f2b555bbab60a9dfaaf4e23bf50ec74,1790668304.0,1790668309.0,1790669130.0,1790668735.318,426.318,378.778,1790669114.096,bnode035,145.995,gw21,218.141,5,160.637,10.066,4304,1790668304.0,1790668306.0,1790669778.0,1790669461.506,1155.506,300.509,1790669762.015,bnode142,135.078,gw0,161.062,50,139.447,4.227,12016,1790668304.0,1790668308.0,1790669713.0,1790669404.888,1096.888,294.838,1790669699.726,bnode040,136.323,gw14,154.502,2,140.336,3.92,11819,1790669779.0,1790668304.0,1475.0,1790668306.0,1790668309.0,1790669762.015,1790669778.0,1,0,5.0,1155.506,1456.015,16.985,1.0,09-29 16:51:44
4fa72f2beb5e474993241ced28a6d8d9,1790670511.0,1790670514.0,1790671223.0,1790670894.983,380.983,314.893,1790671209.876,bnode011,71.145,gw1,183.148,12,131.745,10.025,4304,1790670511.0,1790670515.0,1790671676.0,1790671435.503,920.503,228.135,1790671663.638,bnode033,68.109,gw0,155.743,50,72.392,3.804,12016,1790670511.0,1790670512.0,1790670898.0,1790670619.697,107.697,261.94,1790670881.637,bnode142,116.224,gw1,141.478,2,120.462,3.715,11819,1790671677.0,1790670511.0,1166.0,1790670512.0,1790670515.0,1790671663.638,1790671676.0,1,0,4.0,920.503,1151.638,13.362,1.0,09-29 17:28:31
130096fbd3eb4945607f5a195916ee51,1790672247.0,1790672249.0,1790673122.0,1790672670.032,421.032,436.359,1790673106.391,bnode074,92.65,gw41,310.03,25,126.329,10.031,4304,1790672247.0,1790672251.0,1790673209.0,1790672965.49,714.49,226.928,1790673192.418,bnode037,67.086,gw0,155.702,50,71.226,3.826,12016,1790672247.0,1790672248.0,1790672782.0,1790672477.976,229.976,289.201,1790672767.177,bnode027,141.609,gw1,143.429,2,145.772,3.674,11819,1790673211.0,1790672247.0,964.0,1790672248.0,1790672251.0,1790673192.418,1790673209.0,1,0,4.0,714.49,944.418,18.582,2.0,09-29 17:57:27
694a567ff20c07866d79982bdede17ad,1790672489.0,1790672492.0,1790673077.0,1790672740.996,248.996,319.653,1790673060.649,bnode001,137.707,gw21,171.047,5,148.606,10.027,4304,1790672489.0,1790672490.0,1790673143.0,1790672828.284,338.284,298.45,1790673126.734,bnode011,135.236,gw0,158.813,50,139.637,4.219,12016,1790672489.0,1790672493.0,1790673077.0,1790672734.516,241.516,326.96,1790673061.476,bnode018,137.991,gw14,185.0,2,141.96,3.907,11819,1790673144.0,1790672489.0,655.0,1790672490.0,1790672493.0,1790673126.734,1790673143.0,1,2,4.0,338.284,636.734,17.266,1.0,09-29 18:01:29
eb660338abb5926e308b117bf1647ee4,1790673580.0,1790673585.0,1790674668.0,1790674344.409,759.409,307.012,1790674651.421,bnode020,67.283,gw2,174.304,11,132.708,10.03,4304,1790673580.0,1790673582.0,1790673901.0,1790673606.141,24.141,279.791,1790673885.932,bnode020,119.329,gw0,155.812,50,123.979,4.071,12016,1790673580.0,1790673584.0,1790674262.0,1790674029.554,445.554,218.603,1790674248.157,bnode037,66.594,gw1,148.256,2,70.347,3.686,11819,1790674670.0,1790673580.0,1090.0,1790673582.0,1790673585.0,1790674651.421,1790674668.0,0,0,5.0,759.409,1069.421,18.579,2.0,09-29 18:19:40
db6cc4902da4b5c595f5a912afee3ef3,1790673989.0,1790673991.0,1790674532.0,1790674164.123,173.123,352.243,1790674516.366,bnode075,135.455,gw11,206.473,26,145.77,10.053,4304,1790673989.0,1790673990.0,1790674478.0,1790674164.054,174.054,299.366,1790674463.42,bnode073,137.074,gw0,157.889,50,141.477,4.226,12016,1790673989.0,1790673993.0,1790674512.0,1790674170.676,177.676,328.683,1790674499.359,bnode106,138.292,gw2,186.283,2,142.4,3.994,11819,1790674533.0,1790673989.0,544.0,1790673990.0,1790673993.0,1790674516.366,1790674532.0,0,0,4.0,177.676,526.366,16.634,1.0,09-29 18:26:29
8700cb61020a53acc4f7eb9882bf29f8,1790675733.0,1790675734.0,1790676175.0,1790675841.588,107.588,319.084,1790676160.672,bnode023,112.836,gw3,149.993,603,169.091,10.03,4304,1790675733.0,1790675737.0,1790676132.0,1790675871.574,134.574,246.45,1790676118.024,bnode137,84.531,gw0,157.562,50,88.888,3.795,12016,1790675733.0,1790675735.0,1790676151.0,1790675874.472,139.472,261.1,1790676135.572,bnode018,88.699,gw2,168.073,2,93.027,3.74,11819,1790676177.0,1790675733.0,444.0,1790675734.0,1790675737.0,1790676160.672,1790676175.0,0,0,4.0,139.472,426.672,16.328,2.0,09-29 18:55:33
7959c9377b8f302c07f0f3d8f46c2039,1790676241.0,1790676246.0,1790676862.0,1790676423.54,177.54,426.077,1790676849.617,bnode010,94.335,gw41,281.667,221,144.41,10.059,4304,1790676241.0,1790676243.0,1790676535.0,1790676294.396,51.396,226.592,1790676520.988,bnode020,66.927,gw0,155.753,50,70.839,3.793,12016,1790676241.0,1790676244.0,1790676649.0,1790676330.104,86.104,303.471,1790676633.575,bnode026,94.888,gw2,204.228,2,99.243,3.75,11819,1790676863.0,1790676241.0,622.0,1790676243.0,1790676246.0,1790676849.617,1790676862.0,0,0,5.0,177.54,606.617,13.383,1.0,09-29 19:04:01
21c248e1a1f4b762e09d2c5cbd620db3,1790676649.0,1790676650.0,1790677046.0,1790676676.78,26.78,354.474,1790677031.254,bnode006,138.626,gw21,198.0,5,156.474,10.028,4304,1790676649.0,1790676652.0,1790677415.0,1790677100.611,448.611,302.199,1790677402.81,bnode020,136.632,gw0,161.18,50,141.019,4.236,12111,1790676649.0,1790676654.0,1790677451.0,1790677112.271,458.271,326.281,1790677438.552,bnode026,136.035,gw14,186.158,2,140.123,3.921,11733,1790677453.0,1790676649.0,804.0,1790676650.0,1790676654.0,1790677438.552,1790677451.0,2,0,5.0,458.271,788.552,14.448,2.0,09-29 19:10:49
d0b0d273d47526776627855c533d3742,1790677073.0,1790677077.0,1790677405.0,1790677123.685,46.685,268.727,1790677392.412,bnode037,66.767,gw47,186.018,16,82.709,10.063,4304,1790677073.0,1790677074.0,1790677362.0,1790677100.436,26.436,246.578,1790677347.014,bnode022,86.338,gw0,156.121,50,90.457,3.928,11587,1790677073.0,1790677076.0,1790677353.0,1790677100.452,24.452,239.583,1790677340.035,bnode035,87.373,gw1,148.358,2,91.225,3.613,12252,1790677407.0,1790677073.0,334.0,1790677074.0,1790677077.0,1790677392.412,1790677405.0,0,0,4.0,46.685,318.412,14.588,2.0,09-29 19:17:53
d5c5ea97653d902ef311fb6e77841567,1790679369.0,1790679370.0,1790679682.0,1790679395.644,25.644,273.441,1790679669.085,bnode006,82.001,gw40,147.88,253,125.561,10.349,4304,1790679369.0,1790679371.0,1790679663.0,1790679395.695,24.695,253.472,1790679649.167,bnode018,82.096,gw2,167.642,2,85.83,3.604,11567,1790679369.0,1790679373.0,1790679808.0,1790679572.635,199.635,222.196,1790679794.831,bnode020,67.714,gw1,150.868,2,71.328,3.512,12310,1790679809.0,1790679369.0,440.0,1790679370.0,1790679373.0,1790679794.831,1790679808.0,2,0,4.0,199.635,424.831,14.169,1.0,09-29 19:56:09
0508f835d6e689949b654e9f81df2370,1790679409.0,1790679410.0,1790680164.0,1790679821.136,411.136,326.394,1790680147.53,bnode022,131.368,gw21,183.107,5,143.287,10.029,4304,1790679409.0,1790679413.0,1790679863.0,1790679555.911,142.911,290.054,1790679845.965,bnode109,130.294,gw0,155.298,50,134.756,4.307,11527,1790679409.0,1790679411.0,1790679734.0,1790679433.032,22.032,287.418,1790679720.45,bnode023,131.033,gw1,152.314,2,135.104,3.904,12333,1790680165.0,1790679409.0,756.0,1790679410.0,1790679413.0,1790680147.53,1790680164.0,0,0,4.0,411.136,737.53,17.47,1.0,09-29 19:56:49
9ccc3cd73b6974acd0ab139baa73bfcb,1790680067.0,1790680069.0,1790680463.0,1790680119.087,50.087,330.142,1790680449.229,bnode001,141.027,gw21,178.341,5,151.801,10.057,4304,1790680067.0,1790680071.0,1790680921.0,1790680585.056,514.056,323.152,1790680908.208,bnode020,137.294,gw2,181.826,2,141.326,3.94,11690,1790680067.0,1790680070.0,1790680781.0,1790680461.132,391.132,303.245,1790680764.377,bnode018,137.583,gw14,161.566,2,141.679,3.938,12158,1790680922.0,1790680067.0,855.0,1790680069.0,1790680071.0,1790680908.208,1790680921.0,1,0,4.0,514.056,839.208,13.792,1.0,09-29 20:07:47
1e5f95534e683745e7471629a677599b,1790680475.0,1790680476.0,1790680932.0,1790680502.06,26.06,417.526,1790680919.586,bnode068,136.309,gw20,224.961,5,192.565,10.032,4304,1790680475.0,1790680479.0,1790680838.0,1790680502.068,23.068,320.059,1790680822.127,bnode112,135.645,gw2,180.393,2,139.666,3.914,11514,1790680475.0,1790680478.0,1790680805.0,1790680502.033,24.033,289.681,1790680791.714,bnode072,134.789,gw1,150.842,2,138.839,3.923,12367,1790680934.0,1790680475.0,459.0,1790680476.0,1790680479.0,1790680919.586,1790680932.0,0,0,4.0,26.06,443.586,14.414,2.0,09-29 20:14:35
f0765976b8652e7601b380422034c72b,1790681203.0,1790681205.0,1790682137.0,1790681693.667,488.667,428.652,1790682122.319,bnode018,137.0,gw44,281.552,34,147.1,10.033,4304,1790681203.0,1790681204.0,1790681557.0,1790681231.233,27.233,310.6,1790681541.833,bnode006,140.284,gw3,166.279,2,144.321,3.938,11203,1790681203.0,1790681207.0,1790681929.0,1790681619.399,412.399,296.001,1790681915.4,bnode020,137.619,gw1,154.367,2,141.634,3.938,12710,1790682139.0,1790681203.0,936.0,1790681204.0,1790681207.0,1790682122.319,1790682137.0,0,0,4.0,488.667,918.319,16.681,2.0,09-29 20:26:43
86bd457cd018b1fc0a808b766a7484ae,1790687386.0,1790687387.0,1790687798.0,1790687416.26,29.26,366.649,1790687782.909,bnode123,129.503,gw20,185.358,5,181.291,10.031,4304,1790687386.0,1790687389.0,1790687723.0,1790687416.255,27.255,293.652,1790687709.907,bnode143,129.579,gw3,160.049,2,133.603,3.945,11599,1790687386.0,1790687390.0,1790687914.0,1790687609.506,219.506,291.112,1790687900.618,bnode023,131.471,gw1,155.616,2,135.496,3.955,12362,1790687917.0,1790687386.0,531.0,1790687387.0,1790687390.0,1790687900.618,1790687914.0,2,0,4.0,219.506,513.618,16.382,3.0,09-29 22:09:46
