ordinal	workload	arm	rep	attempt_rate_per_s	attempt_reason	abort_rate	abort_reason
1	W1	stock	1	9134696.666667	ok	0.9130	ok
2	W1	mode1	1	1896672.666667	ok	0.9525	ok
3	W1	modeX	1	3817839.000000	ok	0.9499	ok
4	W1	mode1	2	1962712.666667	ok	0.9525	ok
5	W1	modeX	2	3789562.333333	ok	0.9509	ok
6	W1	stock	2	9132663.666667	ok	0.9139	ok
7	W1	modeX	3	3811919.000000	ok	0.9508	ok
8	W1	stock	3	9173719.333333	ok	0.9148	ok
9	W1	mode1	3	1957143.333333	ok	0.9526	ok
10	W1	stock	4	8999568.000000	ok	0.9135	ok
11	W1	modeX	4	3699138.333333	ok	0.9508	ok
12	W1	mode1	4	1977524.666667	ok	0.9526	ok
13	W1	modeX	5	3673195.333333	ok	0.9505	ok
14	W1	mode1	5	1935018.666667	ok	0.9523	ok
15	W1	stock	5	8976078.333333	ok	0.9141	ok
16	W2	stock	1	10541286.000000	ok	0.0175	ok
17	W2	mode1	1	1476650.333333	ok	0.3059	ok
18	W2	modeX	1	2911220.333333	ok	0.1651	ok
19	W2	mode1	2	1467834.000000	ok	0.3152	ok
20	W2	modeX	2	2821528.333333	ok	0.1686	ok
21	W2	stock	2	10582455.000000	ok	0.0175	ok
22	W2	modeX	3	2808074.000000	ok	0.1653	ok
23	W2	stock	3	10588397.666667	ok	0.0204	ok
24	W2	mode1	3	1493360.000000	ok	0.3154	ok
25	W2	stock	4	10718137.000000	ok	0.0175	ok
26	W2	modeX	4	2859469.333333	ok	0.1627	ok
27	W2	mode1	4	1500569.000000	ok	0.3076	ok
28	W2	modeX	5	2884258.666667	ok	0.1664	ok
29	W2	mode1	5	1492485.000000	ok	0.3101	ok
30	W2	stock	5	10701210.333333	ok	0.0176	ok
