run	pre_load1	post_load1	pass
live-W1-stock	3.29	3.29	1
live-W1-mode1	3.29	3.83	1
live-W1-modeX	3.83	7.29	1
live-W2-stock	7.29	7.29	1
live-W2-mode1	7.29	10.55	1
live-W2-modeX	10.55	13.47	1
run-1-W1-stock-r1	13.47	13.47	1
run-2-W1-mode1-r1	13.47	16.15	1
run-3-W1-modeX-r1	16.15	18.78	1
run-4-W1-mode1-r2	18.78	18.78	1
run-5-W1-modeX-r2	18.78	20.88	1
run-6-W1-stock-r2	20.88	23.05	1
run-7-W1-modeX-r3	23.05	23.05	1
run-8-W1-stock-r3	23.05	25.05	1
run-9-W1-mode1-r3	25.05	25.05	1
run-10-W1-stock-r4	25.05	26.89	1
run-11-W1-modeX-r4	26.89	28.50	1
run-12-W1-mode1-r4	28.50	28.50	1
run-13-W1-modeX-r5	28.50	30.14	1
run-14-W1-mode1-r5	30.14	30.14	1
run-15-W1-stock-r5	30.14	31.57	1
run-16-W2-stock-r1	31.57	32.89	1
run-17-W2-mode1-r1	32.89	32.89	1
run-18-W2-modeX-r1	32.89	34.10	1
run-19-W2-mode1-r2	34.10	35.21	1
run-20-W2-modeX-r2	35.21	35.21	1
run-21-W2-stock-r2	35.21	36.24	1
run-22-W2-modeX-r3	36.24	36.24	1
run-23-W2-stock-r3	36.24	37.18	1
run-24-W2-mode1-r3	37.18	38.05	1
run-25-W2-stock-r4	38.05	38.05	1
run-26-W2-modeX-r4	38.05	38.84	1
run-27-W2-mode1-r4	38.84	39.50	1
run-28-W2-modeX-r5	39.50	39.50	1
run-29-W2-mode1-r5	39.50	40.18	1
run-30-W2-stock-r5	40.18	40.18	1
