ordinal	workload	rep	position	arm
1	W1	1	1	stock
2	W1	1	2	mode1
3	W1	1	3	modeX
4	W1	2	1	mode1
5	W1	2	2	modeX
6	W1	2	3	stock
7	W1	3	1	modeX
8	W1	3	2	stock
9	W1	3	3	mode1
10	W1	4	1	stock
11	W1	4	2	modeX
12	W1	4	3	mode1
13	W1	5	1	modeX
14	W1	5	2	mode1
15	W1	5	3	stock
16	W2	1	1	stock
17	W2	1	2	mode1
18	W2	1	3	modeX
19	W2	2	1	mode1
20	W2	2	2	modeX
21	W2	2	3	stock
22	W2	3	1	modeX
23	W2	3	2	stock
24	W2	3	3	mode1
25	W2	4	1	stock
26	W2	4	2	modeX
27	W2	4	3	mode1
28	W2	5	1	modeX
29	W2	5	2	mode1
30	W2	5	3	stock
