pair	kind	side	rep	start_unix	seconds	rc	load1	load5	load15	concurrent_worktree_add
1	worktree-add	A	1	1790673955.057399914	188.124125	0	9.99	8.78	8.56	0
1	worktree-add	B	1	1790673955.057373134	160.526991	0	9.99	8.78	8.56	0
1	status	A	1	1790674143.243454755	29.373508	0	5.31	7.30	8.02	0
1	status	B	1	1790674172.671069846	37.556726	0	4.75	6.96	7.88	2
1	status	A	2	1790674210.281551772	24.264400	0	7.29	7.31	7.96	3
1	status	B	2	1790674234.601442741	25.665539	0	7.57	7.36	7.96	3
1	status	A	3	1790674260.321674984	26.918480	0	7.40	7.34	7.94	3
1	status	B	3	1790674287.295377124	41.831461	0	6.11	7.04	7.82	3
2	worktree-add	B	1	1790674341.014833376	186.203423	0	4.44	6.42	7.56	3
2	worktree-add	A	1	1790674341.014846345	219.905121	0	4.44	6.42	7.56	3
2	status	B	1	1790674560.980973232	17.121516	0	5.18	5.79	7.06	1
2	status	A	1	1790674578.161741637	19.059027	0	5.55	5.85	7.06	1
2	status	B	2	1790674597.272003733	12.718458	0	6.90	6.14	7.13	1
2	status	A	2	1790674610.045640475	16.605137	0	7.16	6.21	7.15	1
2	status	B	3	1790674626.704132861	13.226414	0	7.08	6.25	7.14	1
2	status	A	3	1790674639.979595236	16.888349	0	7.18	6.29	7.14	0
3	worktree-add	A	1	1790674657.387818208	199.043838	0	7.27	6.37	7.15	0
3	worktree-add	B	1	1790674657.387889907	168.382214	0	7.27	6.37	7.15	0
3	status	A	1	1790674856.502516403	21.602158	0	7.99	7.25	7.34	0
3	status	B	1	1790674878.160439834	21.995253	0	8.13	7.33	7.37	0
3	status	A	2	1790674900.201100097	12.576401	0	8.21	7.40	7.39	0
3	status	B	2	1790674912.826708588	17.772770	0	8.65	7.53	7.43	0
3	status	A	3	1790674930.655578974	16.937364	0	9.55	7.81	7.53	0
3	status	B	3	1790674947.644541510	18.465286	0	8.95	7.75	7.51	0
11	worktree-add	A	1	1790673955.059774489	188.060854	0	9.99	8.78	8.56	0
11	worktree-add	B	1	1790673955.060034854	188.068201	0	9.99	8.78	8.56	0
11	status	A	1	1790674143.194486358	29.426077	0	5.31	7.30	8.02	0
11	status	B	1	1790674172.672715115	39.948358	0	4.75	6.96	7.88	2
11	status	A	2	1790674212.694863340	23.974261	0	7.29	7.31	7.96	3
11	status	B	2	1790674236.744205817	26.157835	0	7.61	7.37	7.96	3
11	status	A	3	1790674262.961623575	27.298674	0	7.40	7.34	7.94	3
11	status	B	3	1790674290.317957229	50.189021	0	5.86	6.97	7.80	3
12	worktree-add	B	1	1790674341.017924420	219.958021	0	4.44	6.42	7.56	3
12	worktree-add	A	1	1790674341.018005995	219.897555	0	4.44	6.42	7.56	3
12	status	B	1	1790674561.031934659	20.726366	0	5.18	5.79	7.06	1
12	status	A	1	1790674581.839522847	15.781428	0	5.91	5.92	7.08	1
12	status	B	2	1790674597.679885865	14.811759	0	6.90	6.14	7.13	1
12	status	A	2	1790674612.564018455	15.212407	0	6.91	6.18	7.13	1
12	status	B	3	1790674627.834811071	15.278001	0	7.08	6.25	7.14	1
12	status	A	3	1790674643.183304841	14.118329	0	7.48	6.37	7.16	0
13	worktree-add	A	1	1790674657.388366922	199.043289	0	7.27	6.37	7.15	0
13	worktree-add	B	1	1790674657.388499357	199.043157	0	7.27	6.37	7.15	0
13	status	A	1	1790674856.503163402	21.606666	0	7.99	7.25	7.34	0
13	status	B	1	1790674878.163539055	23.564239	0	8.13	7.33	7.37	0
13	status	A	2	1790674901.777816602	12.422130	0	7.72	7.31	7.36	0
13	status	B	2	1790674914.251145561	18.336582	0	8.65	7.53	7.43	0
13	status	A	3	1790674932.651685239	15.808317	0	9.55	7.81	7.53	0
13	status	B	3	1790674948.515484407	20.308639	0	8.95	7.75	7.51	0
