0b92c254b830bc333386eacafdc5d113292116be	2	589652b2ac30a3529f76da7790e9ca9a3c3e593dcaa83eb66161a63ef2af36d0
0decf0a4eae5be07e59961e1d9fc735b42bae962	2	21e51f618e80513eb0c80786f59389089d5e3db2d6ce118859f3ff2d429c0654
1aa5ae77aa862ea68f5a5509ee748bd26ce18dab	2	cc812232e70dfff985aecfae4d068ad23cd4d7a74c7964f6466423f33995a554
1d41c41714b66ecb54eb23d52602fb7f8170602a	2	aeead2ad06dc1a525dc079979b35bb5d7ef0cde38fc1c82ccf887b3c841c143d
2620635f74883f6162a4838b547344c3d8695b1c	2	6e5844ce1239c353cd7f3ed8a2c26a1d8997c2eb3b76a80a4d5e7203d6267b7c
2ba0ade14cdd253c53135ec24e8a6d1783d2a1fd	2	e0cacd7055b0d89800be7c9bd3217237cb6f8acc2a1c71dda35d628067cf6da8
2f5b2c1773e9f193417dd3c42fc2aba52b30c8c7	2	2f4f110633f7ae59ddd558455c9220e729311f0373c02304f22e07d1fc02c78f
3905db91ed815d051e0916f12144e01934431d0a	2	5dd860ba042395f8271bd4eedd1d93cbbc6cb00ba3f45b7709d2f8d9f3b00528
3ea6ed7428605ce73ce5e05121fc74d5985146f1	2	e650c83baca50aedc8722ebdde1a483ee0a73ba66f55cf9a1d37fa1d09726d56
4a62da8c3c3302d0e11a5cf951736e8be10e68b3	2	3bf3037e4f7acf13c5c5da8fdc364a94bbeb0ff94bc3432879ffc5be7071f5cb
4c2b4805915416a8ca8ce520a20e220b391ea176	2	3a88b14c8b954e5870acc23557398cfe818b0d9092f73be9d2d75303579505a4
54d4dd9b3eb270307e6294b9ac9b1484f7ba868f	2	da02ea2018afb5bca5bbcd0101623de6c06168b20ce158d1291008e3bc8a9731
5b3ff770ddf2de1d7df528596636c1abcfd3d55b	2	625f690a554e5e801db5d0acba7255465f4b44461d8cb2bd90e6883a1649f123
66dccb28fedca606f96dcf9baf5c7f7a6979a599	2	8ea2397877a05c278997a4996f9c6d1d7802ac987022bfe1477e61b4c9228aee
6902920cdf39e03e1fdfcbc3e6dc18e31a564918	2	8b3a631a6b33688b4d842b4e4844938c40fbcaac3f29ec7639797262ac503312
75d55ccd8d192203b0f04b3fa46130735edb967b	2	57a24924399ac5b5829cd34175de966d63a092d1bf78eaf80166f31531ab8494
8c2e4e3f8ed8a7925072a5b9a381a5ee9257c8b5	2	0f544afc591eb7744ed57d7bf89568aaa4128df056be0baea9b775b5ad47a430
aab5adbbcb599a72a9355e060ec32e825028298a	2	81e51e2eef18b6137356bbc0256d2457d6440c7082fe2255e7973f8daf30b523
accabf0b5d9e9cf3e8ec33008a92c8f41a158787	2	2c247bd2beec3bd656ad5fb41d534829257454aadd08867ce9a4fc9e48ba8abc
c0439777fcf27a56605821d206519d4efa6487e5	2	a162593b0d6bfc05acc2928dd6f8b381d576ccda3dffc8f40b1e849ceeb8762b
c3e2218c383e8c6a47ae2343fe78e558241d4e01	2	61f245743c1f4cd99f0a4252b3d56ef423a19cb49692e0fe4ddce988c8ad7142
c5d79e7050fecc229fd81f4879137be8bae49cb7	2	0a3d4644bf1580b1998e072731d48212b99857eebec891777448a7eab5ce66e6
c656d831e30ee0c261538889991af6c30bb45e89	2	37714a5a48b8690b9da681756ab5a50cd46386b079e9753d420395fc8aa98244
c7a57d642fe72ce5c5480b761515054ac7817e63	2	952c90c292a75d357ca535b61763494c8914d9842ac95b283335f07a97a8dff8
cb0d930525930aef2e2d78ec420a5a386d3e63c7	2	bcf4be1ef8c30e10e23a9f0125fd990db122abb2747c78fe0c09f4af60ad1068
cbd9d812141f5010ba90403c513a7dbad8cc7edc	2	1edc9578892067c1d83f769fe469dfe52006726e9e37a4e81be25c8cfc41d81a
cd066a0487af0376fac76bcfb58b2c4462f9085d	2	40e81dd6f53206a22592e9164b0929cb0ef2483d69bf37442bbd580c82be11ab
e0a80472fb37255903fd1a658a553369d8ba1a76	2	3a266602eff9fc3a7f46d1e850bb3f6205e3da7e0d86868d8365825d6cd41595
f181f703d1d68ab2bbd03ad2d6f594dfe039f030	2	7282ed45d5388978034772fa830fdca082b6dcf818fb84393ee9c8cf7a96de94
f1feb592af5bc21a9754f64250039238da82454d	2	c4201749dfd13b9bd720ae3cd9a91fd5859896042a2da5416e513a596ca4e491
