T-2323	keep	-	関連研究の軸の axis_complete の供給経路の調査 (D2120 項 17)。本文が取得とは独立に進めてよいと言い、止めた後続の裁定を示せない (段 3 lens A・段 6 R2)
T-2754	keep	-	real-repo lock の昇格失敗後に外側 reader が SH を失ったまま read を信じる既存の穴の局所修正 (D2120 項 19 (a))。決定が実在の穴と分類し観測待ちを退けた (段 6 R3)
T-2755	keep	-	DW-M05 への 1 文の収容。F300 の再発 5 例と予算不足の実測があり、D730 の独立 3 例以上の条件を満たす (段 6 R4)
T-2726	keep	-	DW-O09 の pin 閉包へのメタテスト逆引き手順。本文が F370 の再発 3 回を実測として持つ (段 6 R4 と同型)
T-2727	keep	-	DW-S05-A への consumer 列挙の採り直し手順。本文が F1014 の実害を引く (段 6 R4 と同型)
T-1883	keep	-	2026-07-10 の arXiv 掃引の RW2 化。D1760 は軸 1 OpenAlex の取得を止めた裁定で、この掃引を止めた上位裁定を示せない (段 3 lens A・段 6 R5)
T-2092	keep	-	宣言 835・distinct 834 の不一致の調査 (D1331)。T-2035 の leaf 裁定だけでは欠落 ID・集合安定性・snapshot drift の調査を済ませた根拠にならない (段 6 R7)
T-2402	drop	a	gate report が D1884 の推移閉包に含まれるかの確認と段階実装。source closure の段階拡張 (T-733・T-2344 と同じ取り組み) の一部で、束縛の追加。実害の実測が無い (段 6 R6)
T-1768	drop	b	B-4 事前登録 §10 の見出しの誤解を招く記述の訂正と項の分割。文書の訂正だけ (段 6 R8)
T-2466	drop	c,old	本文自身が「残件なし」と言う (8c 予算 consumer の極小正値 regime は閉じない)。旧系列を再開するとき再起票 (段 6 R9)
