relpath	source	bytes	mtime_jst	sha256_or_note
receipts/attempt-0001.intent.json	/work/1/SFC/tanab/dev-wave-jobs/dev-wave-paper-story-a1-balanced5-sized-20260913/measurement/attempt-0001/../attempt-0001.intent.json	14100	06:30:36	0c3aadaea83f0fe1c7a31777d26bf992fbd46d64f6e1ed12a2de2cc6f67923d2
receipts/submission.json	/work/1/SFC/tanab/dev-wave-jobs/dev-wave-paper-story-a1-balanced5-sized-20260913/measurement/attempt-0001/receipts/submission.json	12949	06:30:38	0a86dec922ff0a77bc2798cda466c646e2d29fdb4cf84c013a933ae271f3ddb4
receipts/completion.json	/work/1/SFC/tanab/dev-wave-jobs/dev-wave-paper-story-a1-balanced5-sized-20260913/measurement/attempt-0001/receipts/completion.json	5096	06:44:28	d26c4852150ba5e76f528790aa7e39e3ea155f6d2c43619dd561fcb55193d98f
receipts/group-job-terminal.json	/work/1/SFC/tanab/dev-wave-jobs/dev-wave-paper-story-a1-balanced5-sized-20260913/measurement/attempt-0001/raw/job-terminal.json	3010	06:44:28	c46ae55cd9be5866956d5ffdefe5b86326de5899e8aa611725d6cf51631bbd15
receipts/job-terminal-write-heavy.json	/work/1/SFC/tanab/dev-wave-jobs/dev-wave-paper-story-a1-balanced5-sized-20260913/measurement/attempt-0001/jobs/write-heavy/job-terminal.json	4403	06:40:02	1362eb5c7b5fc75c49fa0c741ceb2694a3a679ccb312a3077f0fb25d09a4e36d
receipts/job-terminal-balanced.json	/work/1/SFC/tanab/dev-wave-jobs/dev-wave-paper-story-a1-balanced5-sized-20260913/measurement/attempt-0001/jobs/balanced/job-terminal.json	4405	06:43:24	9f0449ffdd16079dc2239b7a77551008c2dc18fa3b401da9465c9677e9d7b694
receipts/job-terminal-read-heavy.json	/work/1/SFC/tanab/dev-wave-jobs/dev-wave-paper-story-a1-balanced5-sized-20260913/measurement/attempt-0001/jobs/read-heavy/job-terminal.json	4408	06:36:41	f499923359d95550dafd59be03ef6b1b2a4625ec29f0ab85b3b10e4f622ad632
receipts/non-certifying-observation.json	/work/1/SFC/tanab/dev-wave-jobs/dev-wave-paper-story-a1-balanced5-sized-20260913/measurement/attempt-0001/raw/results/non-certifying-observation.json	7325	06:44:18	530b95efd3eb41fb170a63fcc69da88dba548b1c763d1807c966e88eab97cc8b
receipts/barrier-ready-write-heavy.json	/work/1/SFC/tanab/dev-wave-jobs/dev-wave-paper-story-a1-balanced5-sized-20260913/measurement/attempt-0001/barrier/ready/write-heavy.json	1091	06:32:47	241e6f69cfa1cdcceccdbedecad73c37c6e7f3cecf8bc2ab2e99e5cc8dcfbb4f
receipts/barrier-ready-balanced.json	/work/1/SFC/tanab/dev-wave-jobs/dev-wave-paper-story-a1-balanced5-sized-20260913/measurement/attempt-0001/barrier/ready/balanced.json	1082	06:32:45	d43d98fc4c25ab9cc8c07b971a8828f4c5d9940f09e89e4d4c6ee92133db8029
receipts/barrier-ready-read-heavy.json	/work/1/SFC/tanab/dev-wave-jobs/dev-wave-paper-story-a1-balanced5-sized-20260913/measurement/attempt-0001/barrier/ready/read-heavy.json	1088	06:33:15	9a66feb9797b9b5255821531fca8946698cbc994c1ef0f45bb18e7ceb38c9ae1
receipts/barrier-bench-start-write-heavy.json	/work/1/SFC/tanab/dev-wave-jobs/dev-wave-paper-story-a1-balanced5-sized-20260913/measurement/attempt-0001/barrier/bench-start/write-heavy.json	596	06:33:15	7e79951059d4c1ebc3d88344a458cc475a4e516370175c630e82254983cc63f3
receipts/barrier-bench-start-balanced.json	/work/1/SFC/tanab/dev-wave-jobs/dev-wave-paper-story-a1-balanced5-sized-20260913/measurement/attempt-0001/barrier/bench-start/balanced.json	593	06:33:15	7c933aedec381b85e0bb99295255a9b3e4b0f764239dc4e8346ad0f7d8185cf0
receipts/barrier-bench-start-read-heavy.json	/work/1/SFC/tanab/dev-wave-jobs/dev-wave-paper-story-a1-balanced5-sized-20260913/measurement/attempt-0001/barrier/bench-start/read-heavy.json	595	06:33:15	ef51dc78eaa0084c3a2f31680f8abf82ac7420415967ab03fa79422586d39c46
verbatim/brief.md	/work/1/SFC/tanab/dev-wave-jobs/dev-wave-t1505-a1-sized-submit/brief.md	5283	06:23:55	cd31e8b93237aa4b0b0d756ba808b1eb1438d46e788e3dc5957b79611e0e0e44
verbatim/adjudication.md	/work/1/SFC/tanab/dev-wave-jobs/dev-wave-t1505-a1-sized-submit/adjudication.md	1029	06:24:14	bd2802feea28c92d9b9f3af3d2904eae06213610b4309ade32f1887c22e590b5
verbatim/hydrate.json	/work/1/SFC/tanab/dev-wave-jobs/dev-wave-t1505-a1-sized-submit/hydrate.json	1431	06:29:14	4b74cbdc98ae9702303f4099e73170b08632a31281311bd32a4b8d78455b1bf4
verbatim/hydrate-default.json	/work/1/SFC/tanab/dev-wave-jobs/dev-wave-t1505-a1-sized-submit/hydrate-default.json	1761	06:28:51	db3e8d9408025442f912fa170ef7b0697c4b8bacc5675474617d89716d21a058
verbatim/hydrate.log	/work/1/SFC/tanab/dev-wave-jobs/dev-wave-t1505-a1-sized-submit/hydrate.log	52	06:29:14	8402fd195bdd461f1872e295173b9d95d23c70e82500af947c097c71646cf517
verbatim/watch.log	/work/1/SFC/tanab/dev-wave-jobs/dev-wave-t1505-a1-sized-submit/watch.log	1682	06:43:40	bd80240a110117af9db7d5d2853aaa4ef27d0f7017c40132e916a0907743768f
(job dir) submit.done	/work/1/SFC/tanab/dev-wave-jobs/dev-wave-t1505-a1-sized-submit/submit.done	2	06:30:38	0
(job dir) submit.stdout	/work/1/SFC/tanab/dev-wave-jobs/dev-wave-t1505-a1-sized-submit/submit.stdout	0	06:30:16	(size only)
(job dir) submit.stderr	/work/1/SFC/tanab/dev-wave-jobs/dev-wave-t1505-a1-sized-submit/submit.stderr	0	06:30:16	(size only)
(job dir) stepc.done	/work/1/SFC/tanab/dev-wave-jobs/dev-wave-t1505-a1-sized-submit/stepc.done	2	06:44:28	0
(job dir) stepc.stdout	/work/1/SFC/tanab/dev-wave-jobs/dev-wave-t1505-a1-sized-submit/stepc.stdout	0	06:44:13	(size only)
(job dir) stepc.stderr	/work/1/SFC/tanab/dev-wave-jobs/dev-wave-t1505-a1-sized-submit/stepc.stderr	0	06:44:13	(size only)
(job dir) stepm.done	/work/1/SFC/tanab/dev-wave-jobs/dev-wave-t1505-a1-sized-submit/stepm.done	2	06:45:38	0
(job dir) stepm.stdout	/work/1/SFC/tanab/dev-wave-jobs/dev-wave-t1505-a1-sized-submit/stepm.stdout	0	06:45:00	(size only)
(job dir) stepm.stderr	/work/1/SFC/tanab/dev-wave-jobs/dev-wave-t1505-a1-sized-submit/stepm.stderr	0	06:45:00	(size only)
(not copied) jobs/write-heavy/scheduler/job.stdout	/work/1/SFC/tanab/dev-wave-jobs/dev-wave-paper-story-a1-balanced5-sized-20260913/measurement/attempt-0001/jobs/write-heavy/scheduler/job.stdout	885	06:40:12	a6616826b11899da096fb919db172da77ec9e3c7e9edfa92e99bf7ac07e4ad83
(not copied) jobs/write-heavy/scheduler/job.stderr	/work/1/SFC/tanab/dev-wave-jobs/dev-wave-paper-story-a1-balanced5-sized-20260913/measurement/attempt-0001/jobs/write-heavy/scheduler/job.stderr	555	06:40:12	fbe26780624f39c71919c46df94d9b4bfbc37cbc435525cd673abd61160dcf2d
(not copied) jobs/balanced/scheduler/job.stdout	/work/1/SFC/tanab/dev-wave-jobs/dev-wave-paper-story-a1-balanced5-sized-20260913/measurement/attempt-0001/jobs/balanced/scheduler/job.stdout	875	06:43:33	54f50e55b6142322dd7b15791106bcf1a3d52388197811458d3f7592490dc124
(not copied) jobs/balanced/scheduler/job.stderr	/work/1/SFC/tanab/dev-wave-jobs/dev-wave-paper-story-a1-balanced5-sized-20260913/measurement/attempt-0001/jobs/balanced/scheduler/job.stderr	555	06:43:34	d7f81056b2c446a67df30c200a3f02dceb494d7b49384ebf6a682f1ff6d705dd
(not copied) jobs/read-heavy/scheduler/job.stdout	/work/1/SFC/tanab/dev-wave-jobs/dev-wave-paper-story-a1-balanced5-sized-20260913/measurement/attempt-0001/jobs/read-heavy/scheduler/job.stdout	881	06:36:51	102e39172579ef584668364e1337e77cf308b749236dea22ab9ccf8a149a57b3
(not copied) jobs/read-heavy/scheduler/job.stderr	/work/1/SFC/tanab/dev-wave-jobs/dev-wave-paper-story-a1-balanced5-sized-20260913/measurement/attempt-0001/jobs/read-heavy/scheduler/job.stderr	555	06:36:51	3db1fd8ed6bb4111b293471049231a0582d9abd6d3f7af5c98d9c7676f945453
