path	full40	describe	hex8	hex7	lines
docs/backoff-counterfactual-preregistration.md	1	0	0	0	140
docs/backoff-policy-performance-preregistration.md	1	0	0	0	129
docs/dynamic-backoff-preregistration.md	1	0	0	0	82
docs/paper-story-backoff/2026-09-05.md	0	0	2	0	87,260
docs/paper-story-backoff/2026-09-10.md	1	0	0	0	42
docs/paper-story/2026-09-02.md	0	0	0	3	63,450,1108
docs/paper-story/2026-09-05.md	0	0	0	2	640,1422
docs/paper-story/2026-09-14.md	0	0	1	3	36,610,717,1630
docs/paper-story/2026-09-17.md	0	0	1	2	356,888,2017
docs/paper-story/claim-evidence/2026-08-26.md	0	0	3	1	132,133,156
docs/paper-story/figures/README.md	0	0	3	6	51,420,451,523,597,624,700,713,798
docs/paper-story/figures/fig2c_b10_extended_backoff.provenance.json	6	0	0	3	182,221,260,1792,1796,3314,3318,4836,4840
docs/paper-story/figures/fig5_a2_certification_reject.provenance.json	0	0	0	2	86,707
docs/paper-story/figures/fig6_a2_certification_observed_positive.provenance.json	0	0	0	2	122,744
docs/paper-story/figures/fig7_a2_builtin_backoff_onoff_reject.provenance.json	0	0	0	2	92,713
docs/paper-story/figures/fig8_b10_static_tail_not_observed.provenance.json	0	0	0	4	71,207,343,7507
docs/paper-story/results/2026-09-04-a2-certification-reject.md	0	0	0	1	37
docs/paper-story/results/2026-09-07-a2-certification-observed-positive.md	0	0	0	1	88
docs/paper-story/results/2026-09-07-a2-certification-reject.md	0	0	2	2	51,65,123,262
docs/paper-story/results/2026-09-09-a2-certification-observed-positive-en.md	0	0	0	1	96
docs/paper-story/results/2026-09-14-b7-all-workload-regression.md	0	0	0	1	86
docs/paper-story/results/2026-09-16-b10-static-tail-not-observed.md	1	0	0	2	115,363
docs/paper-story/results/2026-09-16-b7-three-run-materials.md	2	0	0	3	103,144,163
docs/phase3-8b-restart-runbook.md	0	0	1	0	154
docs/related-work/claim-survey/2026-09-07-backoff-axis-b5-search-preregistration.md	2	0	0	0	13,393
docs/t1998-balanced-stock-inline-preregistration.md	2	0	0	3	83,109,110,111,144
orchestrator/campaign/axis_trigger_gating.py	0	0	0	1	59
orchestrator/campaign/backoff_counterfactual_analysis.py	1	0	0	0	26
orchestrator/campaign/backoff_counterfactual_cohort2_analysis.py	1	0	0	0	26
orchestrator/campaign/backoff_policy_performance_analysis.py	1	0	0	0	30
orchestrator/campaign/backoff_sweep.py	0	0	0	1	55
orchestrator/campaign/buildcache.py	1	0	0	0	1059
orchestrator/campaign/p3_s4_loop.py	1	0	0	0	112
orchestrator/campaign/p3_s4_loop_sort.py	0	0	0	2	28,103
orchestrator/campaign/p3_s4_loop_trigger_gating.py	0	0	0	1	35
orchestrator/campaign/paper_story_a1_paired.py	1	0	0	0	205
orchestrator/campaign/paper_story_a1_paired.v3-pilot.json	1	0	0	0	17
orchestrator/campaign/paper_story_a1_paired.v3-sized.json	1	0	0	0	17
orchestrator/campaign/paper_story_a1_source.v1.json	1	0	0	0	5
orchestrator/campaign/paper_story_a1_source.v2.json	1	0	0	0	4
orchestrator/campaign/pin.py	0	0	0	3	15,20,28
orchestrator/campaign/s5_permutation_coverage.py	0	0	0	3	5,22,50
orchestrator/campaign/s6_sort_sweep.py	0	0	0	1	87
orchestrator/campaign/s8b_approved.py	1	0	0	1	29,67
orchestrator/campaign/silo_ladder_rung1.py	1	0	0	0	61
orchestrator/campaign/silo_ladder_rung1_contract.py	1	0	0	0	543
orchestrator/tests/acceptance_duration_ledger.json	0	0	1	0	10208
orchestrator/tests/fixtures/README.md	2	0	0	0	108,200
orchestrator/tests/fixtures/b10_backoff_shape_locks/balanced.campaign.lock	0	0	0	2	1
orchestrator/tests/fixtures/b10_backoff_shape_locks/read-heavy.campaign.lock	0	0	0	2	1
orchestrator/tests/fixtures/b10_backoff_shape_locks/write-heavy.campaign.lock	0	0	0	2	1
orchestrator/tests/test_b10_extended_figure_provenance.py	2	0	0	1	200,204,231
orchestrator/tests/test_backoff_counterfactual_analysis.py	1	0	0	0	27
orchestrator/tests/test_backoff_policy_performance_analysis.py	1	0	4	0	36,203,305,806,860
orchestrator/tests/test_backoff_profile_pegasus.py	1	0	0	0	47
orchestrator/tests/test_backoff_requested_us.py	0	0	0	1	589
orchestrator/tests/test_dynamic_backoff_transitions.py	1	0	0	0	17
orchestrator/tests/test_mocc_proof_surface.py	0	0	3	0	29,397,407
orchestrator/tests/test_mocc_trace_job_contract.py	1	0	0	0	32
orchestrator/tests/test_mocc_trace_pair.py	1	0	0	0	20
orchestrator/tests/test_p3_build_authority_cli.py	0	0	0	1	192
orchestrator/tests/test_p3_s4_loop_job_contract.py	2	0	0	0	1184,1243
orchestrator/tests/test_p3_s4_loop_sort.py	0	0	0	1	781
orchestrator/tests/test_p3_s4_loop_trigger_gating.py	0	0	0	1	2170
orchestrator/tests/test_paper_story_a1_job_contract.py	2	0	0	0	463,471
orchestrator/tests/test_paper_story_a1_paired.py	1	0	0	0	1632
orchestrator/tests/test_paper_story_a2_certification.py	0	0	0	5	1023,1069,3662,3669,3672
orchestrator/tests/test_plot_a2_certification.py	0	0	0	8	123,127,148,179,228,327,1464,1509
orchestrator/tests/test_plot_b10_static_tail_formal.py	0	0	0	1	68
orchestrator/tests/test_plot_dynamic_backoff.py	1	0	0	1	38,39
orchestrator/tests/test_plot_t2187_adaptive_consts.py	1	0	0	1	120,121
orchestrator/tests/test_s6_sort_sweep.py	0	0	0	1	390
orchestrator/tests/test_s8a_trigger_sweep.py	0	0	0	2	108,485
orchestrator/tests/test_s8b_floor_campaign.py	2	0	0	0	2276,12148
orchestrator/tests/test_s8b_protocol_builder.py	1	0	0	0	55
orchestrator/tests/test_t126_qualification_driver.py	0	0	0	1	785
orchestrator/tests/test_t1998_stock_inline_pair.py	1	0	0	1	54,55
orchestrator/tests/test_t2187_adaptive_const_probe.py	1	0	0	0	47
output/env/pegasus/b10-backoff-shape/24d80d9a35122de1/reports/final/b10_backoff_shape_provenance.json	0	0	0	1	5
output/env/pegasus/calibration/a2_perf_verify_cost_t48_skew0p9_rr50_rmw0.json	1	0	0	1	6,7
output/env/pegasus/calibration/a2_perf_verify_cost_t48_skew0p9_rr5_rmw0.json	1	0	0	1	4,5
output/env/pegasus/calibration/attempts/0_478.nqsv/calibration.json	1	0	0	0	44
output/env/pegasus/calibration/attempts/0_989271.nqsv/calibration.json	1	0	0	0	43
output/env/pegasus/calibration/attempts/0_995805.nqsv/calibration.json	1	0	0	0	44
output/env/pegasus/calibration/attempts/0_995806.nqsv/calibration.json	1	0	0	0	44
output/env/pegasus/calibration/attempts/0_998860.nqsv/calibration.json	1	0	0	0	45
output/env/pegasus/calibration/attempts/0_998863.nqsv/calibration.json	1	0	0	0	45
output/env/pegasus/calibration/attempts/0_998864.nqsv/calibration.json	1	0	0	0	43
output/env/pegasus/calibration/job-staging/0:478.nqsv/acquisition-candidate.json	1	0	0	0	43
output/env/pegasus/calibration/job-staging/0:478.nqsv/acquisition-receipt.json	1	0	0	0	43
output/env/pegasus/calibration/job-staging/0:478.nqsv/worktree-add.stdout	0	0	2	0	1,2
output/env/pegasus/calibration/job-staging/0:989271.nqsv/acquisition-candidate.json	1	0	0	0	42
output/env/pegasus/calibration/job-staging/0:989271.nqsv/acquisition-receipt.json	1	0	0	0	42
output/env/pegasus/calibration/job-staging/0:989271.nqsv/worktree-add.stdout	0	0	2	0	1,2
output/env/pegasus/calibration/job-staging/0:995805.nqsv/acquisition-candidate.json	1	0	0	0	43
output/env/pegasus/calibration/job-staging/0:995805.nqsv/acquisition-receipt.json	1	0	0	0	43
output/env/pegasus/calibration/job-staging/0:995805.nqsv/worktree-add.stdout	0	0	2	0	1,2
output/env/pegasus/calibration/job-staging/0:995806.nqsv/acquisition-candidate.json	1	0	0	0	43
output/env/pegasus/calibration/job-staging/0:995806.nqsv/acquisition-receipt.json	1	0	0	0	43
output/env/pegasus/calibration/job-staging/0:995806.nqsv/worktree-add.stdout	0	0	2	0	1,2
output/env/pegasus/calibration/job-staging/0:998860.nqsv/acquisition-candidate.json	1	0	0	0	44
output/env/pegasus/calibration/job-staging/0:998860.nqsv/acquisition-receipt.json	1	0	0	0	44
output/env/pegasus/calibration/job-staging/0:998860.nqsv/worktree-add.stdout	0	0	2	0	1,2
output/env/pegasus/calibration/job-staging/0:998863.nqsv/acquisition-candidate.json	1	0	0	0	44
output/env/pegasus/calibration/job-staging/0:998863.nqsv/acquisition-receipt.json	1	0	0	0	44
output/env/pegasus/calibration/job-staging/0:998863.nqsv/worktree-add.stdout	0	0	2	0	1,2
output/env/pegasus/calibration/job-staging/0:998864.nqsv/acquisition-candidate.json	1	0	0	0	42
output/env/pegasus/calibration/job-staging/0:998864.nqsv/acquisition-receipt.json	1	0	0	0	42
output/env/pegasus/calibration/job-staging/0:998864.nqsv/worktree-add.stdout	0	0	2	0	1,2
output/env/pegasus/calibration/registered/calibration-2b7ba072b88023ae.json	1	0	0	0	44
output/env/pegasus/calibration/registered/calibration-449d0ad22f13e366.json	1	0	0	0	43
output/env/pegasus/calibration/registered/calibration-5c836a22eff9ab40.json	1	0	0	0	44
output/env/pegasus/calibration/registered/calibration-9b49335d02ad4d2e.json	1	0	0	0	45
output/env/pegasus/calibration/registered/calibration-b3329d93417c76ad.json	1	0	0	0	43
output/env/pegasus/calibration/registered/calibration-cb98513996e5ae35.json	1	0	0	0	45
output/env/pegasus/profile/backoff_profile_t48_skew0p9_rr50.json	1	0	0	0	16
output/env/pegasus/profile/backoff_profile_t48_skew0p9_rr50.md	1	0	0	0	13
output/env/pegasus/t316-sandbox-backend/0:999027.nqsv/receipt.json	4	0	0	0	5568,5569,5635,5636
output/s8b-freeze/floor-protocols/e576e9cd1369bba3ae8faca084d1b7256bf919a7dd2e5d6facb093cd9e242c01--511c9538e4e8efa54b45cda62e72389ed3b706ec.json	1	0	0	0	1
patches/README.md	0	0	4	1	231,289,318,539,568
patches/ledger.json	1	0	0	0	10
tools/known_violations/09ce607b779272fda5629a350676471a16bea9bb--missing-ai-agent--12f11b35eeeb53694d73497912e4738bd6fba2f9be51bd88a32d807dca863150.json	0	0	1	0	6
tools/known_violations/13101ab3ec09a54e1f30462d1c2b4621b121ba65--missing-ai-agent--9dd642477798a8a78ce2ea913a27d56832ca1911ecb08b7276f593e04af26dea.json	0	0	1	0	6
tools/known_violations/8ceebcdbe40fac27cb2a1fbd7a1b1e016894bd0e--missing-codex-author--fed5101b3814fd999b21cd5f47adf339f4e6684eb36352279f30e0c7612f6ee5.json	0	0	1	0	6
tools/known_violations/d87fd42c0335c1396c1f79557e45357e9bfc163f--missing-ai-agent--82baac7ef1376e9f13c240a9381c8eb3726ecd683ce0c1e8a37c566bcf2fdbfe.json	0	0	1	0	6
tools/pegasus/mocc_trace_v1_policy.json	1	0	0	0	20
tools/pegasus/paper_story_a1_paired.sh	1	0	0	0	366
tools/pegasus/probes/t2187_adaptive_const_probe.py	1	0	0	0	72
tools/pegasus/probes/t2228_driver_gate_liveness_probe.pbs	0	0	0	2	224,226
tools/pegasus/probes/t2228_driver_gate_liveness_probe.py	0	0	0	1	47
tools/plotting/plot_b10_extended_backoff.py	1	0	0	1	43,637
tools/plotting/plot_b10_static_tail_formal.py	0	0	0	2	206,281
tools/plotting/plot_dynamic_backoff.py	1	0	0	1	67,68
tools/t2216_backoff_walk_model.py	1	0	0	0	36
