path	sha256	bytes	mtime
README.md	20b181773fe893513b9816c663f8cad24ffee384770be9ffc66c8adf8cb9d103	23757	2026-09-19T22:13:04+0900
verbatim/adjudication.md	abfdef06ba3bb8953250fb3cc5515c668f0d67c69932844b4283c84976dfd760	10325	2026-09-19T22:08:44+0900
verbatim/brief.md	acfe12754f7ea24b7a7a9f08aad2eb432be9a141af1967ddd9f1e03b03dd4554	9328	2026-09-19T22:08:44+0900
verbatim/consult-A.out.md	36bf579248c31ae44fdf3a694e0bd285b4b32a8afd686c9fd92ea1a3c0f06a59	12007	2026-09-19T22:08:44+0900
verbatim/consult-A.prompt.md	99e848ebb1b159463730cdcf49411ed9b391a247174ee2ff32021f2dbfe1f763	6989	2026-09-19T22:08:44+0900
verbatim/consult-B.out.md	d8d9c3d57a672c46daf2225767b0fa0575bec9b1b9e1016093e6f103a91a6a2b	12409	2026-09-19T22:08:44+0900
verbatim/consult-B.prompt.md	385525cf323813a0e06ba02bd99528b6c222804729f2e3d6d1b51796be7d90b1	6968	2026-09-19T22:08:44+0900
verbatim/consult-C.out.md	d90a14467012b547a97d573ae5256966f7195203de78ec544c47963c8f8d998c	11558	2026-09-19T22:12:06+0900
verbatim/consult-C.prompt.md	cade80daaf4bbe9329b19e84639ed14328e6dc00c494371939fcc3e122955e9c	6136	2026-09-19T22:12:06+0900
verbatim/hydrate-default.json	34b632f21388c4afeced46eb09a25c076189fd2e96fa71d048c69f4826973d93	1737	2026-09-19T22:08:44+0900
verbatim/hydrate.json	5fd853b739db96c479ad896b43fc6336d3a9ab5664e4d5176db9963719a89d3a	1407	2026-09-19T22:08:44+0900
verbatim/hydrate.log	382266c787fd75473905453e0c0dbf2f95f54d456c96d7cfdaa06c30a2c7c5f0	124	2026-09-19T22:08:44+0900
verbatim/mktree.log	212a969de435f3bb7b6f73810e71d2681364f3039d241e5989a6dea2c4c7508a	5201	2026-09-19T22:08:44+0900
verbatim/precheck.log	e88862c2caee672fa9fcc51345211d4c7b2ada152a2dc445492452a8c830a37e	25332	2026-09-19T22:08:44+0900
verbatim/submit.log	1cf65432445ba976e947fc9bb12c7e1caa1d62368cb9b756de8cf553ec79c018	63	2026-09-19T22:08:44+0900
verbatim/submit.stderr	c494158ae265c7d7d7b8bd2dd53fc14d5c386a1c24a2274f442d6a49adf01d28	92	2026-09-19T22:08:44+0900
