T	残す理由
T-129	F41 に実害の記録 (誤った起票・baseline の再測・比較の交絡) があり、本体「測定値が checkout に依存」は未解決
T-238	p3_s4_loop.py と trigger 版は Pegasus 対応済みだが、p3_s4_loop_sort.py :105-107 が ENV_TAG・CLK・NUMA を直書きのままで sort 軸が Pegasus を選べない (範囲は sort 版に縮んだ)
T-265	別 env の COMMIT で試行を誤 skip する測定の意味の欠陥で、環境世代 activation で必ず踏むと本文が言う
T-570	現行の論文図の生成器 (plot_a2_certification.py、ComSys 原稿の図) が admission を経ず WAL を直接読む (論文図の値に関わる、迷えば残す)
T-580	第 36 回 /rulings 収載維持
T-793	第 36 回 /rulings 収載維持
T-823	計算ノード job を 2 本空費した実害。PBS_JOBID のコロンは runbook に記載済みだが、exploration output root の非 git base の要件は未記載
T-841	coder_effect_gate.py :20-26 が host-effect gate の結果を cache・WAL・COMMIT に束縛しない限界を T-841 の残件と明記し、現行段 4 driver (p3_s4_loop.py :801-805) がその gate を使う (規律 2 の現行経路) (段 3 lens B)
T-1068	build_admission.py の docstring が R4・R5・R7 (block と epilogue を逐語一致させたまま gate を無効化できる経路) を残る限界と自己申告。現行の trigger-gating 軸に直結 (規律 2)
T-1069	同 docstring が R6 (epilogue 直後の dangling else) も残ると明記。受理時構文検査は未実装 (規律 2)
T-1071	build_admission.py に except FileNotFoundError: return (source 不在で無条件受理) が現存 (規律 2、見つからない = 制約なし)
T-1072	文字集合検査は diff-quarantine の文字列用だけで、trace 由来の key と integrity notes は critic digest に逐語表示され (digest.py :1290-1306・:1427-1432)、現行段 4 の critic 入力に入る (規律 6) (段 3 lens B)
T-1234	第 36 回 /rulings 収載維持
T-1295	外部強制終了の原因を実行記録と結合する実装が無く、自分の回帰と誤帰属した実害が本文に記録されている
T-1418	F424 自身が恒久対応は未実施と明記。変異 harness が contract loader 閉包を変異できない壁は解消していない (実測した壁)
T-1524	sort_swo_oracle.py の候補実行が今も stderr=DEVNULL。SIGABRT の原因特定を遅らせ誤った仮説を配った実害 (規律 3)
T-1660	第 36 回 /rulings 収載維持
T-1702	第 36 回 /rulings 収載維持
T-1703	guided.py の旧経路の退役 (暫定裁定)。退役は未実施で、4 区分のどれにも当たらない整理 (段 3 lens A)
T-1708	第 36 回 /rulings 収載維持
T-1784	B-4 事前登録 §5 全欄の記入 (D1483、B-4 床値の鎖の後に順序どおり)。B-4 本走の前提で、B-4 は D1936 項 8・D2201 で継続中の現行系列
T-1794	D989 の _overlap_check の拒否昇格は plot_ss2pl_lock_study.py だけで、現行の論文図の生成器 plot_backoff.py (過去に誤 label の実績) は警告のまま (説明と実装の食い違い)
T-1832	D1086 の範囲拡大が未達で、tools/check_codex_hooks.py :423 ほかが .splitlines() のまま (外部入力の行分割の誤り、F540/F609 に実害の記録、規律 6)
T-1834	D1087 の拒否分岐が未実装で、codex_roles/events.py の parse が CR 単独行を拒否しない (T-1832 と同じ面、規律 6)
T-1882	軸 4 (否定的結果の定量化) の文献調査。D1760 が止めたのは軸 1 の登録済み取得で、VLDB EA&B で否定的結果を主要成果として扱う論文に効く (段 3 lens A)
T-1883	2026-07-10 の arXiv 掃引の RW2 化。D1760 は軸 1 OpenAlex の取得を止めた裁定で、この掃引を止めた上位裁定を示せない (段 3 lens A・段 6 R5)
T-1944	同時実行数を制御した再現率の測定。D1109 項 5 は報告の分け方を決めたが barrier 測定そのものを止めていない (段 3 lens A)
T-1950	source_digest.py :915-919 の無条件 RuntimeError が pin 前進と本番 resolve の両方を止めている (D1217)
T-1983	B-4 事前登録の予定開始時刻の記入義務を撤廃する改訂 (D1649)。B-4 は D1936 項 8・D2201 で継続中の現行系列で、裁定済みの要件の緩和は 4 区分に当たらない
T-2000	第 36 回 /rulings 収載維持
T-2005	B-4 事前登録の model snapshot 欄 (同文書 :166) が未記入のまま。B-4 は D2201・D2213 で継続中の現行系列 (旧系列ではない)
T-2052	B-4 事前登録 §5 の primary outcome 欄への analysis source closure receipt の記入 (D1143)。B-4 本走の前提の記入
T-2084	廃止済み批准台帳の撤去 (相乗り、D1329)。台帳の追加ではなく撤去で、4 区分に当たらない (段 3 lens A)
T-2092	宣言 835・distinct 834 の不一致の調査 (D1331)。T-2035 の leaf 裁定だけでは欠落 ID・集合安定性・snapshot drift の調査を済ませた根拠にならない (段 6 R7)
T-2100	受入 shard 数 K の測定設計 (所要の改善の測定で、4 区分に当たらない)
T-2104	flock が実行区間しか覆わず実行中の arm を終了済みと誤判定して不可逆な missing 記録を生む欠陥 (D1346) が、現行 B-4 producer (p3_b4_raw_record_producer.py :68 の自己申告) に残る
T-2172	受入の worker 内部の分解 (所要の改善の診断で、4 区分に当たらない)
T-2205	読み手の無い不適格 marker 4 件の削除 (D1544)。防壁の追加ではなく恒真な保証の撤去で、4 区分に当たらない (段 3 lens A)
T-2207	動的入力の設定式を unresolved へ倒す件で、本文が現状 18 セルが落ちていると実際の判定への影響を書く (段 3 lens A)
T-2218	現行 B-4 の floor_pair_driver.py :3113-3126・:1197-1235 が spec の path と期待 hash の両方を CLI で受け取って照合しており、D1531 が受理集合を狭めないと裁定した束縛が稼働中の測定手順に残る (段 3 lens A・B)
T-2221	標本の独立性 (1 時間窓 1 標本、D1534) の凍結への記入。B-4 の測定手順と §5 に掛かる一群 (D1531〜D1536) で、現行の B-4 の前提と読める (迷えば残す)
T-2222	校正済み PerfConfig の producer の要否 (D1536)。作らないと B-4 事前登録 §5 の充足を塞ぐと決定自身が言う
T-2223	上限統計 2 件の凍結への記入 (D1535)。T-2221 と同じ B-4 の一群 (迷えば残す)
T-2244	duration ledger の圧縮 (所要の改善案で、4 区分に当たらない)
T-2245	controller prewarm の背景化 (所要の改善案で、4 区分に当たらない)
T-2250	受入所要台帳の live node の更新 (shard 割当の hint)。所要の改善で 4 区分に当たらない (段 3 lens A)
T-2273	現行の受入所要の診断 (稼働 wave、論文経路の指定項)
T-2277	driver 発見の費用の傾き (所要の改善案で、4 区分に当たらない)
T-2288	現行の論文経路の指定項 (floor pair w2 と finalize)
T-2300	重い test の中身の妥当性検査 (所要の改善で、4 区分に当たらない)
T-2318	p3_s4_loop_sort.py :105 が ENV_TAG=linux-baremetal を直書きのまま。sort 軸は ComSys 原稿の評価軸で、新規投入の要否を確定できない
T-2322	D1605 の「24 反復」が確定した実規模 18 / campaign 全体 22 と食い違う未訂正の数値を含む記録 (記録を実際に誤らせている) (段 3 lens B)
T-2323	関連研究の軸の axis_complete の供給経路の調査 (D2120 項 17)。本文が取得とは独立に進めてよいと言い、止めた後続の裁定を示せない (段 3 lens A・段 6 R2)
T-2351	直列性検査の SCC/隣接の容量削減 (read-heavy 10 s 級で 100 GiB 超)。検証費用が現行の研究を律速する (T-2850 と同じ面)
T-2378	t080 base の collection 中 prewarm。稼働中の T-2273 wave (shard-0 診断) の (a) と同じ面
T-2387	受入所要台帳の旧 nodeid 7・欠落 17 を実受入から再生成。台帳は conftest.py :1707・:1822 で collection の並べ替えに使われ割付の根拠が食い違う (段 3 lens B)
T-2404	受入所要台帳の未登録 202 node の登録。T-2250・T-2387 と同じ所要の改善の面で 4 区分に当たらない
T-2415	D1818 が認めた probe の申告 status と生の returncode 等の再導出の不一致を、現行 floor_pair_driver.py :2419-2452 が検査しない (競合下の測定を床値として通す B-4 の穴) (段 3 lens B)
T-2422	D2044 項 35 の対象 docs/handoff/2026-08-28-t1998-balanced-stock-inline-precheck.md が現存し、相談の子が実際に誤読した実害がある
T-2425	B-4 床値 D を exact 有理数で凍結し直す (D1819)。記録 float が exact 値より小さく、等号込みの block_score で引き分けが勝ちへ変わる経路が実在する (閾値が候補に甘い向き、規律 2 の面)。床値を使う正式成果物の発行前に要る
T-2451	issuer が summary の loaded_head を検証せず成果物へ転記する欠陥 (D1906、規律 6 の恒真な保証)。1 比較の局所修正で現行の発行器に残る (段 3 lens A)
T-2453	Genome.canonical() が区切り文字を検査せず flag 名を連結し (model.py :141-144)、その値を現行 pipeline が identity に使う (pipeline.py :145)。別割当の同一視 (D1907、規律 2) (段 3 lens A・B)
T-2459	A-2 の materializer が再導出 report と dict == で比較し (paper_story_a2_certification.py :4692・:4803)、True == 1 で型だけ違う report が certified 成果物として通る (D1904、論文材料) (段 3 lens A・B)
T-2461	受入所要台帳への 5 node の登録。T-2250・T-2387 と同じ面
T-2463	受入 5 分上限の測定面 (shard 別 wall の field)。JUnit の time は 2.8〜7.1 秒ずれ代替にならない (D1901、受入要件) (段 3 lens A)
T-2511	前提の [T-2228] は 2026-09-17 に結論済みで、A-2 (論文材料) の限定の見直し判定だけが未実施
T-2522	A-2 統制稿の paper-story 表への未登録と §8 の更新 (論文経路、稼働中の paper-story 同期と同じ面)
T-2538	受入所要台帳への 15 node の登録。T-2250・T-2387 と同じ面
T-2541	tools/codex_worker_launch.py :2487-2506 が evidence 未完なら attempt 未達でも max_attempts を返す構造のままで、相談の受領証の記録を誤らせる
T-2559	受入の局所費用診断と未実装 prewarm (稼働中の T-2273 と同じ面)
T-2560	論文経路の指定項 (受入律速の追認)
T-2561	material-report group の 8 node の短縮 (所要の改善案で、4 区分に当たらない)
T-2575	Silo の合成再開を先にする研究の順序 (D1936 項 39)。現行の研究方向で止まっていない
T-2604	s8b oracle driver test の output 全件複製 (受入 wall 短縮系列の所有、稼働中の T-2273 と同じ面)
T-2605	第 36 回 /rulings の据え置き項
T-2606	論文の claim-evidence の作り直し (論文経路、執筆フェーズで使う)
T-2648	B-4 床値の retry 消費側が query の除外する別 round を受理する具体例を敵対相談が現物で示した (現行 B-4 の判定差) (段 3 lens A)
T-2685	論文 README の erratum 節への fig7 の追記 (論文経路、稼働中の paper-story 同期と同じ面)
T-2699	非 sort 単独 campaign の prebuild。現行 campaign (T-2865・T-2849) で条件が成立しているかを確証できず、推測で落とさない
T-2725	certify_calibration.sh・mocc_trace_pilot.sh・t141_region_profile.sh に orchestrator import が残る (F88 の実害と同型)。mocc_trace_pilot.sh は現行 MOCC の trace 検証に使う
T-2726	DW-O09 の pin 閉包へのメタテスト逆引き手順。本文が F370 の再発 3 回を実測として持つ (段 6 R4 と同型)
T-2727	DW-S05-A への consumer 列挙の採り直し手順。本文が F1014 の実害を引く (段 6 R4 と同型)
T-2739	deadlock evidence が node・edge 双方の request_mode 欠落を None == None で通す受理集合の穴。ss2pl lock study は現行研究 (段 3 lens A)
T-2740	ss2pl lock study は 2026-09-18 の T-2737 まで研究対象で、計器の event 欠落が残る
T-2741	ss2pl_lock_study.sh :201 の dependency_policy 段の付け替えが未実装 (T-548 の取りこぼし consumer)
T-2754	real-repo lock の昇格失敗後に外側 reader が SH を失ったまま read を信じる既存の穴の局所修正 (D2120 項 19 (a))。決定が実在の穴と分類し観測待ちを退けた (段 6 R3)
T-2755	DW-M05 への 1 文の収容。F300 の再発 5 例と予算不足の実測があり、D730 の独立 3 例以上の条件を満たす (段 6 R4)
T-2759	TicToc の trace-hook と対照 (研究の前進、mocc 第 2 例の後)
T-2767	受入の割付粒度の試作 (所要の改善案で、4 区分に当たらない)
T-2787	準備操作の cold/warm 同条件比較 (所要の改善の測定で、4 区分に当たらない)
T-2797	第 36 回 /rulings の項 (B-5 本走の v2 準備、論文経路)
T-2806	fig3b の状態 JSON とストーリー最新版の照合 (論文の図)
T-2808	K2 手動 loop 4 巡目を描く後継図 fig12b (論文の図)
T-2818	fresh worktree 初回受入の冷 collection の順序判定 (所要の改善で、4 区分に当たらない)
T-2820	DW-O26 の inventory test 集合への 2 file 追加。本文が実害の一次資料 (entry 1238/1629/1695) を持つ
T-2827	shard-0 の終了後 10 秒の内訳の診断 (稼働中の T-2273 と同じ shard-0 の面)
T-2829	到達不能 object 248 件のうち 21 件の rescue ref 作成 (記録の無い commit の喪失を防ぐ実作業)
T-2838	第 36 回 /rulings の項
T-2840	到達不能 13 object の pending 記帳と rescue gate rc 2 の再検査が未了 (T-2829 と同じ面) (段 3 lens B)
T-2846	git checkout.workers の同時刻対照計測 (所要の改善の測定で、4 区分に当たらない)
T-2847	論文経路の指定項 (VLDB P0)
T-2848	論文経路の指定項 (VLDB P1)
T-2849	論文経路の指定項 (VLDB P2、第 36 回索引外)
T-2850	論文経路の指定項 (VLDB P3、第 36 回索引外)
T-2851	論文経路の指定項 (VLDB P4)
T-2852	論文経路の指定項 (VLDB P5)
T-2853	論文経路の指定項 (VLDB P6)
T-2854	論文経路の指定項 (TPC-C 段 1、第 36 回 /rulings)
T-2855	論文経路の指定項 (TPC-C 段 2)
T-2859	論文経路の指定項 (見切り判定の予定)
T-2864	第 36 回 /rulings のユーザー手番 (ComSys 原稿)
T-2865	論文経路の指定項 (稼働中の silo-function-policy)
T-2866	論文経路の指定項 (T-2851 の TPC-C 側)
