submit_tree	/work/1/SFC/tanab/dev-wave-jobs/dev-wave-t2265-cohort2-perf6/submit-tree
repo_head	8bdf173cc81e5371db7b7bcddb8bdcbb5aeff235
ccbench_head	511c9538e4e8efa54b45cda62e72389ed3b706ec
elapstim_req	01:00:00
design_commit	04a7e8cbe65d244a45a46abcdd9d273c6d106d0f
design_path	output/insights/2026-09-09_t2265-cohort2-figures/measurement-design.md
design_sha256	e7d84627941b728881a9e9ba6099c4dbad83c690f7453a37903b3ad5ac67051d
columns	submitted_utc	rep_index	pbs_jobid	expected_json	qsub_argv
2026-09-09T00:28:37Z	0	986850.nqsv	/work/1/SFC/tanab/izanagi-job-evidence/dynamic-backoff/perf/stage1-rep0-0_986850.nqsv.json	qsub -l elapstim_req=01:00:00 -v 'IZANAGI_T2187_MODE=performance,IZANAGI_T2187_BACKOFF_TRACE=0,IZANAGI_T2187_EXTIME=6,IZANAGI_T2187_CELLS=none:0:100:1000:10+stock:1:100:1000:10+tuned:1:1:1000:2560+tuned-u10240:1:1:1000:10240+cw:1:1:1000:2560:10000:10240:0:100:100:0+cw-as:1:1:1000:2560:10000:10240:1:1:4:0+cw-as-dyn:1:1:1000:2560:10000:10240:1:1:4:1,IZANAGI_T2187_WORKLOADS=write-heavy+balanced+read-heavy,IZANAGI_T2187_THREADS=6+12+18+24+30+36+42+48,IZANAGI_T2187_REP_INDEX=0,IZANAGI_T2187_STAGE=1,IZANAGI_T2187_OUT_DIR=/work/1/SFC/tanab/izanagi-job-evidence/dynamic-backoff/perf' /work/1/SFC/tanab/dev-wave-jobs/dev-wave-t2265-cohort2-perf6/submit-tree/tools/pegasus/probes/t2187_adaptive_const_probe.pbs
2026-09-09T00:28:48Z	1	986851.nqsv	/work/1/SFC/tanab/izanagi-job-evidence/dynamic-backoff/perf/stage1-rep1-0_986851.nqsv.json	qsub -l elapstim_req=01:00:00 -v 'IZANAGI_T2187_MODE=performance,IZANAGI_T2187_BACKOFF_TRACE=0,IZANAGI_T2187_EXTIME=6,IZANAGI_T2187_CELLS=stock:1:100:1000:10+tuned:1:1:1000:2560+tuned-u10240:1:1:1000:10240+cw:1:1:1000:2560:10000:10240:0:100:100:0+cw-as:1:1:1000:2560:10000:10240:1:1:4:0+cw-as-dyn:1:1:1000:2560:10000:10240:1:1:4:1+none:0:100:1000:10,IZANAGI_T2187_WORKLOADS=write-heavy+balanced+read-heavy,IZANAGI_T2187_THREADS=6+12+18+24+30+36+42+48,IZANAGI_T2187_REP_INDEX=1,IZANAGI_T2187_STAGE=1,IZANAGI_T2187_OUT_DIR=/work/1/SFC/tanab/izanagi-job-evidence/dynamic-backoff/perf' /work/1/SFC/tanab/dev-wave-jobs/dev-wave-t2265-cohort2-perf6/submit-tree/tools/pegasus/probes/t2187_adaptive_const_probe.pbs
2026-09-09T00:28:52Z	2	986852.nqsv	/work/1/SFC/tanab/izanagi-job-evidence/dynamic-backoff/perf/stage1-rep2-0_986852.nqsv.json	qsub -l elapstim_req=01:00:00 -v 'IZANAGI_T2187_MODE=performance,IZANAGI_T2187_BACKOFF_TRACE=0,IZANAGI_T2187_EXTIME=6,IZANAGI_T2187_CELLS=tuned:1:1:1000:2560+tuned-u10240:1:1:1000:10240+cw:1:1:1000:2560:10000:10240:0:100:100:0+cw-as:1:1:1000:2560:10000:10240:1:1:4:0+cw-as-dyn:1:1:1000:2560:10000:10240:1:1:4:1+none:0:100:1000:10+stock:1:100:1000:10,IZANAGI_T2187_WORKLOADS=write-heavy+balanced+read-heavy,IZANAGI_T2187_THREADS=6+12+18+24+30+36+42+48,IZANAGI_T2187_REP_INDEX=2,IZANAGI_T2187_STAGE=1,IZANAGI_T2187_OUT_DIR=/work/1/SFC/tanab/izanagi-job-evidence/dynamic-backoff/perf' /work/1/SFC/tanab/dev-wave-jobs/dev-wave-t2265-cohort2-perf6/submit-tree/tools/pegasus/probes/t2187_adaptive_const_probe.pbs
2026-09-09T00:29:06Z	3	986853.nqsv	/work/1/SFC/tanab/izanagi-job-evidence/dynamic-backoff/perf/stage1-rep3-0_986853.nqsv.json	qsub -l elapstim_req=01:00:00 -v 'IZANAGI_T2187_MODE=performance,IZANAGI_T2187_BACKOFF_TRACE=0,IZANAGI_T2187_EXTIME=6,IZANAGI_T2187_CELLS=tuned-u10240:1:1:1000:10240+cw:1:1:1000:2560:10000:10240:0:100:100:0+cw-as:1:1:1000:2560:10000:10240:1:1:4:0+cw-as-dyn:1:1:1000:2560:10000:10240:1:1:4:1+none:0:100:1000:10+stock:1:100:1000:10+tuned:1:1:1000:2560,IZANAGI_T2187_WORKLOADS=write-heavy+balanced+read-heavy,IZANAGI_T2187_THREADS=6+12+18+24+30+36+42+48,IZANAGI_T2187_REP_INDEX=3,IZANAGI_T2187_STAGE=1,IZANAGI_T2187_OUT_DIR=/work/1/SFC/tanab/izanagi-job-evidence/dynamic-backoff/perf' /work/1/SFC/tanab/dev-wave-jobs/dev-wave-t2265-cohort2-perf6/submit-tree/tools/pegasus/probes/t2187_adaptive_const_probe.pbs
2026-09-09T00:29:19Z	4	986854.nqsv	/work/1/SFC/tanab/izanagi-job-evidence/dynamic-backoff/perf/stage1-rep4-0_986854.nqsv.json	qsub -l elapstim_req=01:00:00 -v 'IZANAGI_T2187_MODE=performance,IZANAGI_T2187_BACKOFF_TRACE=0,IZANAGI_T2187_EXTIME=6,IZANAGI_T2187_CELLS=cw:1:1:1000:2560:10000:10240:0:100:100:0+cw-as:1:1:1000:2560:10000:10240:1:1:4:0+cw-as-dyn:1:1:1000:2560:10000:10240:1:1:4:1+none:0:100:1000:10+stock:1:100:1000:10+tuned:1:1:1000:2560+tuned-u10240:1:1:1000:10240,IZANAGI_T2187_WORKLOADS=write-heavy+balanced+read-heavy,IZANAGI_T2187_THREADS=6+12+18+24+30+36+42+48,IZANAGI_T2187_REP_INDEX=4,IZANAGI_T2187_STAGE=1,IZANAGI_T2187_OUT_DIR=/work/1/SFC/tanab/izanagi-job-evidence/dynamic-backoff/perf' /work/1/SFC/tanab/dev-wave-jobs/dev-wave-t2265-cohort2-perf6/submit-tree/tools/pegasus/probes/t2187_adaptive_const_probe.pbs
2026-09-09T00:29:24Z	5	986855.nqsv	/work/1/SFC/tanab/izanagi-job-evidence/dynamic-backoff/perf/stage1-rep5-0_986855.nqsv.json	qsub -l elapstim_req=01:00:00 -v 'IZANAGI_T2187_MODE=performance,IZANAGI_T2187_BACKOFF_TRACE=0,IZANAGI_T2187_EXTIME=6,IZANAGI_T2187_CELLS=cw-as:1:1:1000:2560:10000:10240:1:1:4:0+cw-as-dyn:1:1:1000:2560:10000:10240:1:1:4:1+none:0:100:1000:10+stock:1:100:1000:10+tuned:1:1:1000:2560+tuned-u10240:1:1:1000:10240+cw:1:1:1000:2560:10000:10240:0:100:100:0,IZANAGI_T2187_WORKLOADS=write-heavy+balanced+read-heavy,IZANAGI_T2187_THREADS=6+12+18+24+30+36+42+48,IZANAGI_T2187_REP_INDEX=5,IZANAGI_T2187_STAGE=1,IZANAGI_T2187_OUT_DIR=/work/1/SFC/tanab/izanagi-job-evidence/dynamic-backoff/perf' /work/1/SFC/tanab/dev-wave-jobs/dev-wave-t2265-cohort2-perf6/submit-tree/tools/pegasus/probes/t2187_adaptive_const_probe.pbs
2026-09-09T00:29:35Z	6	986857.nqsv	/work/1/SFC/tanab/izanagi-job-evidence/dynamic-backoff/perf/stage1-rep6-0_986857.nqsv.json	qsub -l elapstim_req=01:00:00 -v 'IZANAGI_T2187_MODE=performance,IZANAGI_T2187_BACKOFF_TRACE=0,IZANAGI_T2187_EXTIME=6,IZANAGI_T2187_CELLS=cw-as-dyn:1:1:1000:2560:10000:10240:1:1:4:1+none:0:100:1000:10+stock:1:100:1000:10+tuned:1:1:1000:2560+tuned-u10240:1:1:1000:10240+cw:1:1:1000:2560:10000:10240:0:100:100:0+cw-as:1:1:1000:2560:10000:10240:1:1:4:0,IZANAGI_T2187_WORKLOADS=write-heavy+balanced+read-heavy,IZANAGI_T2187_THREADS=6+12+18+24+30+36+42+48,IZANAGI_T2187_REP_INDEX=6,IZANAGI_T2187_STAGE=1,IZANAGI_T2187_OUT_DIR=/work/1/SFC/tanab/izanagi-job-evidence/dynamic-backoff/perf' /work/1/SFC/tanab/dev-wave-jobs/dev-wave-t2265-cohort2-perf6/submit-tree/tools/pegasus/probes/t2187_adaptive_const_probe.pbs
