ordinal	batch	nonce	request_id	submit_epoch	head
1	1	da3e3b31752f52220a0bd1b9f3c92af5	950346.nqsv	1787745373	f7f6dd2e70ccb27f531011881e47c45617d3ffaf
2	1	ce8b4ede5fabc9bb2da0d832baf64ce4	950348.nqsv	1787745377	f7f6dd2e70ccb27f531011881e47c45617d3ffaf
3	1	e013b9f638ce571d30f9332a1605a0ac	950350.nqsv	1787745382	f7f6dd2e70ccb27f531011881e47c45617d3ffaf
4	1	cb7b91634756bd682247378ac4371ad4	950351.nqsv	1787745386	f7f6dd2e70ccb27f531011881e47c45617d3ffaf
5	1	cfd8afa18d036afa0875994bb229b9da	950352.nqsv	1787745390	f7f6dd2e70ccb27f531011881e47c45617d3ffaf
6	1	aeb704d92482b19c42799f0b3269c2e7	950353.nqsv	1787745394	f7f6dd2e70ccb27f531011881e47c45617d3ffaf
7	2	7dfe0a882cef4d449a824de9e4be675a	950362.nqsv	1787745684	f7f6dd2e70ccb27f531011881e47c45617d3ffaf
8	2	1b0e8ce4471341837243f37ffc465546	950364.nqsv	1787745688	f7f6dd2e70ccb27f531011881e47c45617d3ffaf
9	2	82c9b1c0a66226cb165fb3ae1b064877	950366.nqsv	1787745693	f7f6dd2e70ccb27f531011881e47c45617d3ffaf
10	2	bf9a2cefb8af410bc89d521576322bc4	950368.nqsv	1787745697	f7f6dd2e70ccb27f531011881e47c45617d3ffaf
11	2	78fb95b5018c8aaaa2cf2864a8c18c28	950371.nqsv	1787745701	f7f6dd2e70ccb27f531011881e47c45617d3ffaf
12	2	04dbc91cad7cfd149f7fcdd82253751b	950372.nqsv	1787745705	f7f6dd2e70ccb27f531011881e47c45617d3ffaf
13	3	c50ca39d1cb1373505b62835753452aa	950390.nqsv	1787746245	f7f6dd2e70ccb27f531011881e47c45617d3ffaf
14	3	af5c163a5a0fdf03ea8226be22b54a01	950391.nqsv	1787746249	f7f6dd2e70ccb27f531011881e47c45617d3ffaf
15	3	d28bf732c4996bbc0fbb142ac1676092	950392.nqsv	1787746253	f7f6dd2e70ccb27f531011881e47c45617d3ffaf
16	3	7998036a3e8ef3261d48a5772097247b	950393.nqsv	1787746257	f7f6dd2e70ccb27f531011881e47c45617d3ffaf
17	3	69635b051a7bd891a268d311c10193fd	950395.nqsv	1787746263	f7f6dd2e70ccb27f531011881e47c45617d3ffaf
18	3	602d820c8e7c32c65aac2cf51a03b3b3	950396.nqsv	1787746267	f7f6dd2e70ccb27f531011881e47c45617d3ffaf
19	4	4f0672e5954943a62331af83234bb31a	950401.nqsv	1787746382	f7f6dd2e70ccb27f531011881e47c45617d3ffaf
20	4	89bae1b528b200f13c5b11f4e453e8b6	950402.nqsv	1787746387	f7f6dd2e70ccb27f531011881e47c45617d3ffaf
21	4	e58d8f131004e87d93c1e5b15f91df33	950403.nqsv	1787746391	f7f6dd2e70ccb27f531011881e47c45617d3ffaf
22	4	f96c478a09f401a92b0b86def10b757e	950406.nqsv	1787746397	f7f6dd2e70ccb27f531011881e47c45617d3ffaf
23	4	863e886b9e3babbf2cb291aed3507e93	950407.nqsv	1787746401	f7f6dd2e70ccb27f531011881e47c45617d3ffaf
24	4	8230e17114706b0e663d19446959b637	950408.nqsv	1787746405	f7f6dd2e70ccb27f531011881e47c45617d3ffaf
25	5	5a14f6d6b4e4019f8f1a10826d5f301b	950419.nqsv	1787746635	f7f6dd2e70ccb27f531011881e47c45617d3ffaf
26	5	9e6e9c4525f128bd62a0d1b40cec308c	950420.nqsv	1787746654	f7f6dd2e70ccb27f531011881e47c45617d3ffaf
27	5	3f7c94e90ac0968e2693edc85ee1fe1e	950421.nqsv	1787746660	f7f6dd2e70ccb27f531011881e47c45617d3ffaf
28	5	ef19cc6d893779b6ce60c47f1d647049	950422.nqsv	1787746668	f7f6dd2e70ccb27f531011881e47c45617d3ffaf
29	5	bfe2604ca52c918080ef255125f4ea05	950423.nqsv	1787746675	f7f6dd2e70ccb27f531011881e47c45617d3ffaf
30	5	17615c14c5bec81d41246905d49b0d27	950424.nqsv	1787746684	f7f6dd2e70ccb27f531011881e47c45617d3ffaf
31	6	8cc4bbfd6ec96d73c4597490a63c9e16	950437.nqsv	1787747044	f7f6dd2e70ccb27f531011881e47c45617d3ffaf
32	6	7efdbef5bfddb72b11d383b904d76b21	950438.nqsv	1787747049	f7f6dd2e70ccb27f531011881e47c45617d3ffaf
33	6	4eeaa00acf5c6b1ad6aeb6c074e8036f	950439.nqsv	1787747054	f7f6dd2e70ccb27f531011881e47c45617d3ffaf
34	6	2f852073841e110452e278f5d98dcd34	950440.nqsv	1787747058	f7f6dd2e70ccb27f531011881e47c45617d3ffaf
35	6	48311a7a61b441051fc0836fb6d01a64	950441.nqsv	1787747063	f7f6dd2e70ccb27f531011881e47c45617d3ffaf
36	6	99ad5378c044d070817eff37c54b4d29	950442.nqsv	1787747068	f7f6dd2e70ccb27f531011881e47c45617d3ffaf
37	7	4b582706d35e7ddd12f904f95ed290b3	950483.nqsv	1787747791	f7f6dd2e70ccb27f531011881e47c45617d3ffaf
38	7	8523ededd53cf9051969dad206477f4c	950484.nqsv	1787747795	f7f6dd2e70ccb27f531011881e47c45617d3ffaf
39	7	c34f15c62272f6b9aec6f925f7dc4e4b	950486.nqsv	1787747802	f7f6dd2e70ccb27f531011881e47c45617d3ffaf
40	7	502a38932f508f513c60b22590a8ce00	950487.nqsv	1787747807	f7f6dd2e70ccb27f531011881e47c45617d3ffaf
41	7	bbdd8778b6a7607c2a1d3c0172c3dba8	950488.nqsv	1787747812	f7f6dd2e70ccb27f531011881e47c45617d3ffaf
42	7	08ab8ea87027292f2793381fac41d5ce	950489.nqsv	1787747816	f7f6dd2e70ccb27f531011881e47c45617d3ffaf
