digest	start	file	testcases	with_worker_prop
19c500bb2031ac70754a760b824bc004	09-29 02:41:42	junit.xml	27971	27971
19c500bb2031ac70754a760b824bc004	09-29 02:41:42	shard-0/junit.xml	4302	4302
19c500bb2031ac70754a760b824bc004	09-29 02:41:42	shard-1/junit.xml	11427	11427
19c500bb2031ac70754a760b824bc004	09-29 02:41:42	shard-2/junit.xml	12242	12242
9aa7a613f2a4752d21c403594761f734	09-29 03:01:21	junit.xml	27971	27971
9aa7a613f2a4752d21c403594761f734	09-29 03:01:21	shard-0/junit.xml	4302	4302
9aa7a613f2a4752d21c403594761f734	09-29 03:01:21	shard-1/junit.xml	11427	11427
9aa7a613f2a4752d21c403594761f734	09-29 03:01:21	shard-2/junit.xml	12242	12242
15dbd84811437680ff03f5a2c2b5f940	09-29 06:02:21	junit.xml	27971	27971
15dbd84811437680ff03f5a2c2b5f940	09-29 06:02:21	shard-0/junit.xml	4302	4302
15dbd84811437680ff03f5a2c2b5f940	09-29 06:02:21	shard-1/junit.xml	11427	11427
15dbd84811437680ff03f5a2c2b5f940	09-29 06:02:21	shard-2/junit.xml	12242	12242
31d6bf0afff57e543add40fcc997bdf5	09-29 06:18:53	junit.xml	27971	27971
31d6bf0afff57e543add40fcc997bdf5	09-29 06:18:53	shard-0/junit.xml	4302	4302
31d6bf0afff57e543add40fcc997bdf5	09-29 06:18:53	shard-1/junit.xml	11427	11427
31d6bf0afff57e543add40fcc997bdf5	09-29 06:18:53	shard-2/junit.xml	12242	12242
cb54df6c0fdb315eeab6d8315e5df115	09-29 06:35:59	junit.xml	27971	27971
cb54df6c0fdb315eeab6d8315e5df115	09-29 06:35:59	shard-0/junit.xml	4302	4302
cb54df6c0fdb315eeab6d8315e5df115	09-29 06:35:59	shard-1/junit.xml	11427	11427
cb54df6c0fdb315eeab6d8315e5df115	09-29 06:35:59	shard-2/junit.xml	12242	12242
6e9cc8e6736bc32c63d41628f226022c	09-29 06:48:47	junit.xml	27971	27971
6e9cc8e6736bc32c63d41628f226022c	09-29 06:48:47	shard-0/junit.xml	4302	4302
6e9cc8e6736bc32c63d41628f226022c	09-29 06:48:47	shard-1/junit.xml	11427	11427
6e9cc8e6736bc32c63d41628f226022c	09-29 06:48:47	shard-2/junit.xml	12242	12242
17a2320ed0f6cc25c7df581745fe7546	09-29 07:03:33	junit.xml	27973	27973
17a2320ed0f6cc25c7df581745fe7546	09-29 07:03:33	shard-0/junit.xml	4304	4304
17a2320ed0f6cc25c7df581745fe7546	09-29 07:03:33	shard-1/junit.xml	11427	11427
17a2320ed0f6cc25c7df581745fe7546	09-29 07:03:33	shard-2/junit.xml	12242	12242
3eb118669f2a847355e7b112ab2e2e98	09-29 07:16:39	junit.xml	27979	27979
3eb118669f2a847355e7b112ab2e2e98	09-29 07:16:39	shard-0/junit.xml	4302	4302
3eb118669f2a847355e7b112ab2e2e98	09-29 07:16:39	shard-1/junit.xml	10857	10857
3eb118669f2a847355e7b112ab2e2e98	09-29 07:16:39	shard-2/junit.xml	12820	12820
279f541fbe479f034f474ee5e403101f	09-29 07:37:03	junit.xml	27973	27973
279f541fbe479f034f474ee5e403101f	09-29 07:37:03	shard-0/junit.xml	4304	4304
279f541fbe479f034f474ee5e403101f	09-29 07:37:03	shard-1/junit.xml	11427	11427
279f541fbe479f034f474ee5e403101f	09-29 07:37:03	shard-2/junit.xml	12242	12242
b45fb3e69a53104a0af627731d874bc8	09-29 07:51:23	junit.xml	27976	27976
b45fb3e69a53104a0af627731d874bc8	09-29 07:51:23	shard-0/junit.xml	4304	4304
b45fb3e69a53104a0af627731d874bc8	09-29 07:51:23	shard-1/junit.xml	11933	11933
b45fb3e69a53104a0af627731d874bc8	09-29 07:51:23	shard-2/junit.xml	11739	11739
5334143a1ce85caee27dc236d16c35e8	09-29 07:56:07	junit.xml	27979	27979
5334143a1ce85caee27dc236d16c35e8	09-29 07:56:07	shard-0/junit.xml	4302	4302
5334143a1ce85caee27dc236d16c35e8	09-29 07:56:07	shard-1/junit.xml	10857	10857
5334143a1ce85caee27dc236d16c35e8	09-29 07:56:07	shard-2/junit.xml	12820	12820
cc7cdcef96c98c167ec6e324a345ce9f	09-29 08:03:21	junit.xml	27973	27973
cc7cdcef96c98c167ec6e324a345ce9f	09-29 08:03:21	shard-0/junit.xml	4304	4304
cc7cdcef96c98c167ec6e324a345ce9f	09-29 08:03:21	shard-1/junit.xml	11427	11427
cc7cdcef96c98c167ec6e324a345ce9f	09-29 08:03:21	shard-2/junit.xml	12242	12242
929f06dd9de0bed8d289c714ca008b8e	09-29 08:11:21	junit.xml	27993	27993
929f06dd9de0bed8d289c714ca008b8e	09-29 08:11:21	shard-0/junit.xml	4304	4304
929f06dd9de0bed8d289c714ca008b8e	09-29 08:11:21	shard-1/junit.xml	11896	11896
929f06dd9de0bed8d289c714ca008b8e	09-29 08:11:21	shard-2/junit.xml	11793	11793
114eae69b7f5502cabb07dbf15567570	09-29 08:32:52	junit.xml	27979	27979
114eae69b7f5502cabb07dbf15567570	09-29 08:32:52	shard-0/junit.xml	4302	4302
114eae69b7f5502cabb07dbf15567570	09-29 08:32:52	shard-1/junit.xml	10857	10857
114eae69b7f5502cabb07dbf15567570	09-29 08:32:52	shard-2/junit.xml	12820	12820
3d235e5813f619e5f008f1d79c79cf89	09-29 08:41:07	junit.xml	27971	27971
3d235e5813f619e5f008f1d79c79cf89	09-29 08:41:07	shard-0/junit.xml	4302	4302
3d235e5813f619e5f008f1d79c79cf89	09-29 08:41:07	shard-1/junit.xml	11427	11427
3d235e5813f619e5f008f1d79c79cf89	09-29 08:41:07	shard-2/junit.xml	12242	12242
287cb3f0d3d9ac912e8c770bda569e37	09-29 08:42:49	junit.xml	27993	27993
287cb3f0d3d9ac912e8c770bda569e37	09-29 08:42:49	shard-0/junit.xml	4304	4304
287cb3f0d3d9ac912e8c770bda569e37	09-29 08:42:49	shard-1/junit.xml	11896	11896
287cb3f0d3d9ac912e8c770bda569e37	09-29 08:42:49	shard-2/junit.xml	11793	11793
29d556b6ad4a51a6bd5ecd66ada94600	09-29 08:54:36	junit.xml	27971	27971
29d556b6ad4a51a6bd5ecd66ada94600	09-29 08:54:36	shard-0/junit.xml	4302	4302
29d556b6ad4a51a6bd5ecd66ada94600	09-29 08:54:36	shard-1/junit.xml	11427	11427
29d556b6ad4a51a6bd5ecd66ada94600	09-29 08:54:36	shard-2/junit.xml	12242	12242
4379c6ae6b15e011dda6452dbc688535	09-29 09:03:41	junit.xml	27979	27979
4379c6ae6b15e011dda6452dbc688535	09-29 09:03:41	shard-0/junit.xml	4302	4302
4379c6ae6b15e011dda6452dbc688535	09-29 09:03:41	shard-1/junit.xml	10857	10857
4379c6ae6b15e011dda6452dbc688535	09-29 09:03:41	shard-2/junit.xml	12820	12820
f92e14347dd696331e1730c8db97cd25	09-29 09:36:07	junit.xml	28012	28012
f92e14347dd696331e1730c8db97cd25	09-29 09:36:07	shard-0/junit.xml	4304	4304
f92e14347dd696331e1730c8db97cd25	09-29 09:36:07	shard-1/junit.xml	11543	11543
f92e14347dd696331e1730c8db97cd25	09-29 09:36:07	shard-2/junit.xml	12165	12165
80efdac382db6a9d13026f57563b2a67	09-29 09:37:03	junit.xml	27993	27993
80efdac382db6a9d13026f57563b2a67	09-29 09:37:03	shard-0/junit.xml	4304	4304
80efdac382db6a9d13026f57563b2a67	09-29 09:37:03	shard-1/junit.xml	11896	11896
80efdac382db6a9d13026f57563b2a67	09-29 09:37:03	shard-2/junit.xml	11793	11793
3ba38d6b1234b2a6b951873963c6c1c4	09-29 10:03:00	junit.xml	28001	28001
3ba38d6b1234b2a6b951873963c6c1c4	09-29 10:03:00	shard-0/junit.xml	4304	4304
3ba38d6b1234b2a6b951873963c6c1c4	09-29 10:03:00	shard-1/junit.xml	11687	11687
3ba38d6b1234b2a6b951873963c6c1c4	09-29 10:03:00	shard-2/junit.xml	12010	12010
76c48ebae45f2ab71c36a59725745aef	09-29 10:44:31	junit.xml	27993	27993
76c48ebae45f2ab71c36a59725745aef	09-29 10:44:31	shard-0/junit.xml	4304	4304
76c48ebae45f2ab71c36a59725745aef	09-29 10:44:31	shard-1/junit.xml	11896	11896
76c48ebae45f2ab71c36a59725745aef	09-29 10:44:31	shard-2/junit.xml	11793	11793
455dda2c8388b9373b4137121e232ecc	09-29 10:50:09	junit.xml	28040	28040
455dda2c8388b9373b4137121e232ecc	09-29 10:50:09	shard-0/junit.xml	4304	4304
455dda2c8388b9373b4137121e232ecc	09-29 10:50:09	shard-1/junit.xml	10656	10656
455dda2c8388b9373b4137121e232ecc	09-29 10:50:09	shard-2/junit.xml	13080	13080
55af78b28d6925b8983e232698fc69fb	09-29 11:02:53	junit.xml	28012	28012
55af78b28d6925b8983e232698fc69fb	09-29 11:02:53	shard-0/junit.xml	4304	4304
55af78b28d6925b8983e232698fc69fb	09-29 11:02:53	shard-1/junit.xml	11543	11543
55af78b28d6925b8983e232698fc69fb	09-29 11:02:53	shard-2/junit.xml	12165	12165
e5709a12e4e5ee46ec39686f0e49ec24	09-29 11:20:41	junit.xml	28012	28012
e5709a12e4e5ee46ec39686f0e49ec24	09-29 11:20:41	shard-0/junit.xml	4304	4304
e5709a12e4e5ee46ec39686f0e49ec24	09-29 11:20:41	shard-1/junit.xml	11543	11543
e5709a12e4e5ee46ec39686f0e49ec24	09-29 11:20:41	shard-2/junit.xml	12165	12165
e831bd85428cd0d8f1238bd701da9f2c	09-29 11:37:28	junit.xml	28020	28020
e831bd85428cd0d8f1238bd701da9f2c	09-29 11:37:28	shard-0/junit.xml	4304	4304
e831bd85428cd0d8f1238bd701da9f2c	09-29 11:37:28	shard-1/junit.xml	12352	12352
e831bd85428cd0d8f1238bd701da9f2c	09-29 11:37:28	shard-2/junit.xml	11364	11364
a822d4e8bdd009c9372068eb6f1c32d5	09-29 11:54:51	junit.xml	28056	28056
a822d4e8bdd009c9372068eb6f1c32d5	09-29 11:54:51	shard-0/junit.xml	4304	4304
a822d4e8bdd009c9372068eb6f1c32d5	09-29 11:54:51	shard-1/junit.xml	11027	11027
a822d4e8bdd009c9372068eb6f1c32d5	09-29 11:54:51	shard-2/junit.xml	12725	12725
d5ba19d4caa3e98af99e8768a1d9f3b3	09-29 12:08:32	junit.xml	28067	28067
d5ba19d4caa3e98af99e8768a1d9f3b3	09-29 12:08:32	shard-0/junit.xml	4304	4304
d5ba19d4caa3e98af99e8768a1d9f3b3	09-29 12:08:32	shard-1/junit.xml	11679	11679
d5ba19d4caa3e98af99e8768a1d9f3b3	09-29 12:08:32	shard-2/junit.xml	12084	12084
169fd2e3b7038f90d38c6b57fc5043a1	09-29 12:08:39	junit.xml	28067	28067
169fd2e3b7038f90d38c6b57fc5043a1	09-29 12:08:39	shard-0/junit.xml	4304	4304
169fd2e3b7038f90d38c6b57fc5043a1	09-29 12:08:39	shard-1/junit.xml	11679	11679
169fd2e3b7038f90d38c6b57fc5043a1	09-29 12:08:39	shard-2/junit.xml	12084	12084
8af9faba4a403ff53c74e7fed3a11e9f	09-29 12:24:33	junit.xml	28067	28067
8af9faba4a403ff53c74e7fed3a11e9f	09-29 12:24:33	shard-0/junit.xml	4304	4304
8af9faba4a403ff53c74e7fed3a11e9f	09-29 12:24:33	shard-1/junit.xml	11679	11679
8af9faba4a403ff53c74e7fed3a11e9f	09-29 12:24:33	shard-2/junit.xml	12084	12084
7155987b0c92c8edeff6fc1236598008	09-29 12:38:31	junit.xml	28078	28078
7155987b0c92c8edeff6fc1236598008	09-29 12:38:31	shard-0/junit.xml	4304	4304
7155987b0c92c8edeff6fc1236598008	09-29 12:38:31	shard-1/junit.xml	11168	11168
7155987b0c92c8edeff6fc1236598008	09-29 12:38:31	shard-2/junit.xml	12606	12606
2ebc14111d06c3ef82510da6aec7562b	09-29 12:52:10	junit.xml	28067	28067
2ebc14111d06c3ef82510da6aec7562b	09-29 12:52:10	shard-0/junit.xml	4304	4304
2ebc14111d06c3ef82510da6aec7562b	09-29 12:52:10	shard-1/junit.xml	11679	11679
2ebc14111d06c3ef82510da6aec7562b	09-29 12:52:10	shard-2/junit.xml	12084	12084
f030502e56c28877b2225d154d7440a9	09-29 12:57:44	junit.xml	28067	28067
f030502e56c28877b2225d154d7440a9	09-29 12:57:44	shard-0/junit.xml	4304	4304
f030502e56c28877b2225d154d7440a9	09-29 12:57:44	shard-1/junit.xml	11679	11679
f030502e56c28877b2225d154d7440a9	09-29 12:57:44	shard-2/junit.xml	12084	12084
00a1e6c88a57748314dc3106a2b357c8	09-29 13:19:15	junit.xml	28114	28114
00a1e6c88a57748314dc3106a2b357c8	09-29 13:19:15	shard-0/junit.xml	4304	4304
00a1e6c88a57748314dc3106a2b357c8	09-29 13:19:15	shard-1/junit.xml	11830	11830
00a1e6c88a57748314dc3106a2b357c8	09-29 13:19:15	shard-2/junit.xml	11980	11980
b815c9b097c3087c62ba791a52116c11	09-29 14:48:41	junit.xml	28139	28139
b815c9b097c3087c62ba791a52116c11	09-29 14:48:41	shard-0/junit.xml	4304	4304
b815c9b097c3087c62ba791a52116c11	09-29 14:48:41	shard-1/junit.xml	12016	12016
b815c9b097c3087c62ba791a52116c11	09-29 14:48:41	shard-2/junit.xml	11819	11819
0c7d238676b9cea71439cd028e0b80a7	09-29 15:16:14	junit.xml	28114	28114
0c7d238676b9cea71439cd028e0b80a7	09-29 15:16:14	shard-0/junit.xml	4304	4304
0c7d238676b9cea71439cd028e0b80a7	09-29 15:16:14	shard-1/junit.xml	11830	11830
0c7d238676b9cea71439cd028e0b80a7	09-29 15:16:14	shard-2/junit.xml	11980	11980
62b13c52fffdf9e47638d6dc07e4baeb	09-29 15:20:04	junit.xml	28114	28114
62b13c52fffdf9e47638d6dc07e4baeb	09-29 15:20:04	shard-0/junit.xml	4304	4304
62b13c52fffdf9e47638d6dc07e4baeb	09-29 15:20:04	shard-1/junit.xml	11830	11830
62b13c52fffdf9e47638d6dc07e4baeb	09-29 15:20:04	shard-2/junit.xml	11980	11980
3362c15249f46d9544842d39dc440220	09-29 15:34:25	junit.xml	28139	28139
3362c15249f46d9544842d39dc440220	09-29 15:34:25	shard-0/junit.xml	4304	4304
3362c15249f46d9544842d39dc440220	09-29 15:34:25	shard-1/junit.xml	12016	12016
3362c15249f46d9544842d39dc440220	09-29 15:34:25	shard-2/junit.xml	11819	11819
dfc09b752fb367e5ef5826a039dd3498	09-29 15:43:45	junit.xml	28139	28139
dfc09b752fb367e5ef5826a039dd3498	09-29 15:43:45	shard-0/junit.xml	4304	4304
dfc09b752fb367e5ef5826a039dd3498	09-29 15:43:45	shard-1/junit.xml	12016	12016
dfc09b752fb367e5ef5826a039dd3498	09-29 15:43:45	shard-2/junit.xml	11819	11819
01556101b00295733900c609a7e727a0	09-29 15:51:24	junit.xml	28139	28139
01556101b00295733900c609a7e727a0	09-29 15:51:24	shard-0/junit.xml	4304	4304
01556101b00295733900c609a7e727a0	09-29 15:51:24	shard-1/junit.xml	12016	12016
01556101b00295733900c609a7e727a0	09-29 15:51:24	shard-2/junit.xml	11819	11819
1c0e5d3cfe0defa7dbc2ef6b5bc010fa	09-29 16:18:26	junit.xml	28139	28139
1c0e5d3cfe0defa7dbc2ef6b5bc010fa	09-29 16:18:26	shard-0/junit.xml	4304	4304
1c0e5d3cfe0defa7dbc2ef6b5bc010fa	09-29 16:18:26	shard-1/junit.xml	12016	12016
1c0e5d3cfe0defa7dbc2ef6b5bc010fa	09-29 16:18:26	shard-2/junit.xml	11819	11819
a28aa0d64051df9f9f52f35902d085c3	09-29 16:28:57	junit.xml	28139	28139
a28aa0d64051df9f9f52f35902d085c3	09-29 16:28:57	shard-0/junit.xml	4304	4304
a28aa0d64051df9f9f52f35902d085c3	09-29 16:28:57	shard-1/junit.xml	12016	12016
a28aa0d64051df9f9f52f35902d085c3	09-29 16:28:57	shard-2/junit.xml	11819	11819
7f2b555bbab60a9dfaaf4e23bf50ec74	09-29 16:51:44	junit.xml	28139	28139
7f2b555bbab60a9dfaaf4e23bf50ec74	09-29 16:51:44	shard-0/junit.xml	4304	4304
7f2b555bbab60a9dfaaf4e23bf50ec74	09-29 16:51:44	shard-1/junit.xml	12016	12016
7f2b555bbab60a9dfaaf4e23bf50ec74	09-29 16:51:44	shard-2/junit.xml	11819	11819
4fa72f2beb5e474993241ced28a6d8d9	09-29 17:28:31	junit.xml	28139	28139
4fa72f2beb5e474993241ced28a6d8d9	09-29 17:28:31	shard-0/junit.xml	4304	4304
4fa72f2beb5e474993241ced28a6d8d9	09-29 17:28:31	shard-1/junit.xml	12016	12016
4fa72f2beb5e474993241ced28a6d8d9	09-29 17:28:31	shard-2/junit.xml	11819	11819
130096fbd3eb4945607f5a195916ee51	09-29 17:57:27	junit.xml	28139	28139
130096fbd3eb4945607f5a195916ee51	09-29 17:57:27	shard-0/junit.xml	4304	4304
130096fbd3eb4945607f5a195916ee51	09-29 17:57:27	shard-1/junit.xml	12016	12016
130096fbd3eb4945607f5a195916ee51	09-29 17:57:27	shard-2/junit.xml	11819	11819
694a567ff20c07866d79982bdede17ad	09-29 18:01:29	junit.xml	28139	28139
694a567ff20c07866d79982bdede17ad	09-29 18:01:29	shard-0/junit.xml	4304	4304
694a567ff20c07866d79982bdede17ad	09-29 18:01:29	shard-1/junit.xml	12016	12016
694a567ff20c07866d79982bdede17ad	09-29 18:01:29	shard-2/junit.xml	11819	11819
eb660338abb5926e308b117bf1647ee4	09-29 18:19:40	junit.xml	28139	28139
eb660338abb5926e308b117bf1647ee4	09-29 18:19:40	shard-0/junit.xml	4304	4304
eb660338abb5926e308b117bf1647ee4	09-29 18:19:40	shard-1/junit.xml	12016	12016
eb660338abb5926e308b117bf1647ee4	09-29 18:19:40	shard-2/junit.xml	11819	11819
db6cc4902da4b5c595f5a912afee3ef3	09-29 18:26:29	junit.xml	28139	28139
db6cc4902da4b5c595f5a912afee3ef3	09-29 18:26:29	shard-0/junit.xml	4304	4304
db6cc4902da4b5c595f5a912afee3ef3	09-29 18:26:29	shard-1/junit.xml	12016	12016
db6cc4902da4b5c595f5a912afee3ef3	09-29 18:26:29	shard-2/junit.xml	11819	11819
8700cb61020a53acc4f7eb9882bf29f8	09-29 18:55:33	junit.xml	28139	28139
8700cb61020a53acc4f7eb9882bf29f8	09-29 18:55:33	shard-0/junit.xml	4304	4304
8700cb61020a53acc4f7eb9882bf29f8	09-29 18:55:33	shard-1/junit.xml	12016	12016
8700cb61020a53acc4f7eb9882bf29f8	09-29 18:55:33	shard-2/junit.xml	11819	11819
7959c9377b8f302c07f0f3d8f46c2039	09-29 19:04:01	junit.xml	28139	28139
7959c9377b8f302c07f0f3d8f46c2039	09-29 19:04:01	shard-0/junit.xml	4304	4304
7959c9377b8f302c07f0f3d8f46c2039	09-29 19:04:01	shard-1/junit.xml	12016	12016
7959c9377b8f302c07f0f3d8f46c2039	09-29 19:04:01	shard-2/junit.xml	11819	11819
21c248e1a1f4b762e09d2c5cbd620db3	09-29 19:10:49	junit.xml	28148	28148
21c248e1a1f4b762e09d2c5cbd620db3	09-29 19:10:49	shard-0/junit.xml	4304	4304
21c248e1a1f4b762e09d2c5cbd620db3	09-29 19:10:49	shard-1/junit.xml	12111	12111
21c248e1a1f4b762e09d2c5cbd620db3	09-29 19:10:49	shard-2/junit.xml	11733	11733
d0b0d273d47526776627855c533d3742	09-29 19:17:53	junit.xml	28143	28143
d0b0d273d47526776627855c533d3742	09-29 19:17:53	shard-0/junit.xml	4304	4304
d0b0d273d47526776627855c533d3742	09-29 19:17:53	shard-1/junit.xml	11587	11587
d0b0d273d47526776627855c533d3742	09-29 19:17:53	shard-2/junit.xml	12252	12252
d5c5ea97653d902ef311fb6e77841567	09-29 19:56:09	junit.xml	28181	28181
d5c5ea97653d902ef311fb6e77841567	09-29 19:56:09	shard-0/junit.xml	4304	4304
d5c5ea97653d902ef311fb6e77841567	09-29 19:56:09	shard-1/junit.xml	11567	11567
d5c5ea97653d902ef311fb6e77841567	09-29 19:56:09	shard-2/junit.xml	12310	12310
0508f835d6e689949b654e9f81df2370	09-29 19:56:49	junit.xml	28164	28164
0508f835d6e689949b654e9f81df2370	09-29 19:56:49	shard-0/junit.xml	4304	4304
0508f835d6e689949b654e9f81df2370	09-29 19:56:49	shard-1/junit.xml	11527	11527
0508f835d6e689949b654e9f81df2370	09-29 19:56:49	shard-2/junit.xml	12333	12333
9ccc3cd73b6974acd0ab139baa73bfcb	09-29 20:07:47	junit.xml	28152	28152
9ccc3cd73b6974acd0ab139baa73bfcb	09-29 20:07:47	shard-0/junit.xml	4304	4304
9ccc3cd73b6974acd0ab139baa73bfcb	09-29 20:07:47	shard-1/junit.xml	11690	11690
9ccc3cd73b6974acd0ab139baa73bfcb	09-29 20:07:47	shard-2/junit.xml	12158	12158
1e5f95534e683745e7471629a677599b	09-29 20:14:35	junit.xml	28185	28185
1e5f95534e683745e7471629a677599b	09-29 20:14:35	shard-0/junit.xml	4304	4304
1e5f95534e683745e7471629a677599b	09-29 20:14:35	shard-1/junit.xml	11514	11514
1e5f95534e683745e7471629a677599b	09-29 20:14:35	shard-2/junit.xml	12367	12367
f0765976b8652e7601b380422034c72b	09-29 20:26:43	junit.xml	28217	28217
f0765976b8652e7601b380422034c72b	09-29 20:26:43	shard-0/junit.xml	4304	4304
f0765976b8652e7601b380422034c72b	09-29 20:26:43	shard-1/junit.xml	11203	11203
f0765976b8652e7601b380422034c72b	09-29 20:26:43	shard-2/junit.xml	12710	12710
86bd457cd018b1fc0a808b766a7484ae	09-29 22:09:46	junit.xml	28265	28265
86bd457cd018b1fc0a808b766a7484ae	09-29 22:09:46	shard-0/junit.xml	4304	4304
86bd457cd018b1fc0a808b766a7484ae	09-29 22:09:46	shard-1/junit.xml	11599	11599
86bd457cd018b1fc0a808b766a7484ae	09-29 22:09:46	shard-2/junit.xml	12362	12362
0082860f3e369a796af9700cc346d351	09-29 23:17:53	junit.xml	28265	28265
0082860f3e369a796af9700cc346d351	09-29 23:17:53	shard-0/junit.xml	4304	4304
0082860f3e369a796af9700cc346d351	09-29 23:17:53	shard-1/junit.xml	11599	11599
0082860f3e369a796af9700cc346d351	09-29 23:17:53	shard-2/junit.xml	12362	12362
b5701049fc52bc6f9c0eb890d18c8a4a	09-29 23:51:58	junit.xml	28265	28265
b5701049fc52bc6f9c0eb890d18c8a4a	09-29 23:51:58	shard-0/junit.xml	4304	4304
b5701049fc52bc6f9c0eb890d18c8a4a	09-29 23:51:58	shard-1/junit.xml	11599	11599
b5701049fc52bc6f9c0eb890d18c8a4a	09-29 23:51:58	shard-2/junit.xml	12362	12362
6fdceb0cdec73792ea99fa58e8f44c3b	09-29 23:52:11	junit.xml	28265	28265
6fdceb0cdec73792ea99fa58e8f44c3b	09-29 23:52:11	shard-0/junit.xml	4304	4304
6fdceb0cdec73792ea99fa58e8f44c3b	09-29 23:52:11	shard-1/junit.xml	11599	11599
6fdceb0cdec73792ea99fa58e8f44c3b	09-29 23:52:11	shard-2/junit.xml	12362	12362
fddce224b42e0e352986c0b99c2307f5	09-29 23:52:11	junit.xml	28265	28265
fddce224b42e0e352986c0b99c2307f5	09-29 23:52:11	shard-0/junit.xml	4304	4304
fddce224b42e0e352986c0b99c2307f5	09-29 23:52:11	shard-1/junit.xml	11599	11599
fddce224b42e0e352986c0b99c2307f5	09-29 23:52:11	shard-2/junit.xml	12362	12362
8c7cdeb768fd74a2a34ab96a1a4fc958	09-30 00:27:30	junit.xml	28265	28265
8c7cdeb768fd74a2a34ab96a1a4fc958	09-30 00:27:30	shard-0/junit.xml	4304	4304
8c7cdeb768fd74a2a34ab96a1a4fc958	09-30 00:27:30	shard-1/junit.xml	11599	11599
8c7cdeb768fd74a2a34ab96a1a4fc958	09-30 00:27:30	shard-2/junit.xml	12362	12362
99d2234ae24b8c307d165915e1cb8736	09-30 00:27:30	junit.xml	28265	28265
99d2234ae24b8c307d165915e1cb8736	09-30 00:27:30	shard-0/junit.xml	4304	4304
99d2234ae24b8c307d165915e1cb8736	09-30 00:27:30	shard-1/junit.xml	11599	11599
99d2234ae24b8c307d165915e1cb8736	09-30 00:27:30	shard-2/junit.xml	12362	12362
35a9f67e939dba87d7704f8a9977e148	09-30 00:34:47	junit.xml	28265	28265
35a9f67e939dba87d7704f8a9977e148	09-30 00:34:47	shard-0/junit.xml	4304	4304
35a9f67e939dba87d7704f8a9977e148	09-30 00:34:47	shard-1/junit.xml	11599	11599
35a9f67e939dba87d7704f8a9977e148	09-30 00:34:47	shard-2/junit.xml	12362	12362
5e5ea7573f255cca31b61b1486e981fc	09-30 00:40:43	junit.xml	28265	28265
5e5ea7573f255cca31b61b1486e981fc	09-30 00:40:43	shard-0/junit.xml	4304	4304
5e5ea7573f255cca31b61b1486e981fc	09-30 00:40:43	shard-1/junit.xml	11599	11599
5e5ea7573f255cca31b61b1486e981fc	09-30 00:40:43	shard-2/junit.xml	12362	12362
ecf1fe5e9362b82fb8b3a1f001b9eaca	09-30 00:40:44	junit.xml	28265	28265
ecf1fe5e9362b82fb8b3a1f001b9eaca	09-30 00:40:44	shard-0/junit.xml	4304	4304
ecf1fe5e9362b82fb8b3a1f001b9eaca	09-30 00:40:44	shard-1/junit.xml	11599	11599
ecf1fe5e9362b82fb8b3a1f001b9eaca	09-30 00:40:44	shard-2/junit.xml	12362	12362
4abd64e680d7b8db30645a48a8b86969	09-30 01:00:39	junit.xml	28270	28270
4abd64e680d7b8db30645a48a8b86969	09-30 01:00:39	shard-0/junit.xml	4309	4309
4abd64e680d7b8db30645a48a8b86969	09-30 01:00:39	shard-1/junit.xml	11599	11599
4abd64e680d7b8db30645a48a8b86969	09-30 01:00:39	shard-2/junit.xml	12362	12362
8d94ae78cc864ada4379009fdc9e31c4	09-30 01:07:58	junit.xml	28265	28265
8d94ae78cc864ada4379009fdc9e31c4	09-30 01:07:58	shard-0/junit.xml	4304	4304
8d94ae78cc864ada4379009fdc9e31c4	09-30 01:07:58	shard-1/junit.xml	11599	11599
8d94ae78cc864ada4379009fdc9e31c4	09-30 01:07:58	shard-2/junit.xml	12362	12362
007324ec7801fe81976d377ee4f04145	09-30 01:47:19	junit.xml	28265	28265
007324ec7801fe81976d377ee4f04145	09-30 01:47:19	shard-0/junit.xml	4304	4304
007324ec7801fe81976d377ee4f04145	09-30 01:47:19	shard-1/junit.xml	11599	11599
007324ec7801fe81976d377ee4f04145	09-30 01:47:19	shard-2/junit.xml	12362	12362
e3a0fd336c01c1321635872efc82dab2	09-30 01:55:11	junit.xml	28270	28270
e3a0fd336c01c1321635872efc82dab2	09-30 01:55:11	shard-0/junit.xml	4309	4309
e3a0fd336c01c1321635872efc82dab2	09-30 01:55:11	shard-1/junit.xml	11599	11599
e3a0fd336c01c1321635872efc82dab2	09-30 01:55:11	shard-2/junit.xml	12362	12362
928414bd71f37a27f75486b9d763ef7d	09-30 02:14:46	junit.xml	28270	28270
928414bd71f37a27f75486b9d763ef7d	09-30 02:14:46	shard-0/junit.xml	4309	4309
928414bd71f37a27f75486b9d763ef7d	09-30 02:14:46	shard-1/junit.xml	11599	11599
928414bd71f37a27f75486b9d763ef7d	09-30 02:14:46	shard-2/junit.xml	12362	12362
4a5c92fa6ff27d82809092d5fdb8cfd4	09-30 02:42:26	junit.xml	28270	28270
4a5c92fa6ff27d82809092d5fdb8cfd4	09-30 02:42:26	shard-0/junit.xml	4309	4309
4a5c92fa6ff27d82809092d5fdb8cfd4	09-30 02:42:26	shard-1/junit.xml	11599	11599
4a5c92fa6ff27d82809092d5fdb8cfd4	09-30 02:42:26	shard-2/junit.xml	12362	12362
eca9f7d78031d70618b8b2224f939b91	09-30 02:42:57	junit.xml	28270	28270
eca9f7d78031d70618b8b2224f939b91	09-30 02:42:57	shard-0/junit.xml	4309	4309
eca9f7d78031d70618b8b2224f939b91	09-30 02:42:57	shard-1/junit.xml	11599	11599
eca9f7d78031d70618b8b2224f939b91	09-30 02:42:57	shard-2/junit.xml	12362	12362
cef04a9d294f518d57e8cf184773e163	09-30 02:46:30	junit.xml	28270	28270
cef04a9d294f518d57e8cf184773e163	09-30 02:46:30	shard-0/junit.xml	4309	4309
cef04a9d294f518d57e8cf184773e163	09-30 02:46:30	shard-1/junit.xml	11599	11599
cef04a9d294f518d57e8cf184773e163	09-30 02:46:30	shard-2/junit.xml	12362	12362
304bbc7a878ae2cc87ae7dc2f049bf6e	09-30 03:11:06	junit.xml	28310	28310
304bbc7a878ae2cc87ae7dc2f049bf6e	09-30 03:11:06	shard-0/junit.xml	4309	4309
304bbc7a878ae2cc87ae7dc2f049bf6e	09-30 03:11:06	shard-1/junit.xml	11668	11668
304bbc7a878ae2cc87ae7dc2f049bf6e	09-30 03:11:06	shard-2/junit.xml	12333	12333
8286b42c37d7861956a6d017339c3e56	09-30 03:23:05	junit.xml	28270	28270
8286b42c37d7861956a6d017339c3e56	09-30 03:23:05	shard-0/junit.xml	4309	4309
8286b42c37d7861956a6d017339c3e56	09-30 03:23:05	shard-1/junit.xml	11599	11599
8286b42c37d7861956a6d017339c3e56	09-30 03:23:05	shard-2/junit.xml	12362	12362
95f55907035d6719a98d68c750de384e	09-30 03:29:21	junit.xml	28288	28288
95f55907035d6719a98d68c750de384e	09-30 03:29:21	shard-0/junit.xml	4319	4319
95f55907035d6719a98d68c750de384e	09-30 03:29:21	shard-1/junit.xml	11184	11184
95f55907035d6719a98d68c750de384e	09-30 03:29:21	shard-2/junit.xml	12785	12785
07de511dac1fb303bf68aa6d5d01746b	09-30 03:29:50	junit.xml	28270	28270
07de511dac1fb303bf68aa6d5d01746b	09-30 03:29:50	shard-0/junit.xml	4309	4309
07de511dac1fb303bf68aa6d5d01746b	09-30 03:29:50	shard-1/junit.xml	11599	11599
07de511dac1fb303bf68aa6d5d01746b	09-30 03:29:50	shard-2/junit.xml	12362	12362
034e88f9ac326c1f5487215d29bef712	09-30 04:02:34	junit.xml	28376	28376
034e88f9ac326c1f5487215d29bef712	09-30 04:02:34	shard-0/junit.xml	4309	4309
034e88f9ac326c1f5487215d29bef712	09-30 04:02:34	shard-1/junit.xml	11626	11626
034e88f9ac326c1f5487215d29bef712	09-30 04:02:34	shard-2/junit.xml	12441	12441
46bbd9aa81cfe8dca4ac084b483e76ef	09-30 04:13:31	junit.xml	28341	28341
46bbd9aa81cfe8dca4ac084b483e76ef	09-30 04:13:31	shard-0/junit.xml	4309	4309
46bbd9aa81cfe8dca4ac084b483e76ef	09-30 04:13:31	shard-1/junit.xml	12258	12258
46bbd9aa81cfe8dca4ac084b483e76ef	09-30 04:13:31	shard-2/junit.xml	11774	11774
43ba29da4523cd55cca9b22565784498	09-30 05:05:58	junit.xml	28478	28478
43ba29da4523cd55cca9b22565784498	09-30 05:05:58	shard-0/junit.xml	4319	4319
43ba29da4523cd55cca9b22565784498	09-30 05:05:58	shard-1/junit.xml	11958	11958
43ba29da4523cd55cca9b22565784498	09-30 05:05:58	shard-2/junit.xml	12201	12201
