variant,config,rep,status,rc,throughput,abort_rate,short_throughput,l1_commits,l1_aborts,wall_seconds,host,started_utc
"R1-bound","mocc-bo1",0,"ok","0",6990356,0.0005244953382587441,,,,3.4382386170036625,"bnode017","2026-09-30T14:00:35.467812+00:00"
"R2-target","silo-bo0",0,"failed","timeout",,,,,,60.13852536000195,"bnode017","2026-09-30T14:00:38.937500+00:00"
"R2-target","cicada-bo0",0,"failed","1",,,,,,0.7224885849864222,"bnode017","2026-09-30T14:01:39.185316+00:00"
"R2-target","mvto-bo0",0,"failed","timeout",,,,,,60.097004039998865,"bnode017","2026-09-30T14:01:39.927711+00:00"
"R1-target","tictoc-bo1",0,"ok","0",967277,0.43696702069430915,,,,3.3609084009949584,"bnode017","2026-09-30T14:02:40.043763+00:00"
"R2-target","si-bo1",0,"failed","1",,,,,,0.7691931209992617,"bnode017","2026-09-30T14:02:43.424567+00:00"
"R1-target","silo-fixed25",0,"ok","0",1787312,0.4523898789575185,,,,3.379971446993295,"bnode017","2026-09-30T14:02:44.220289+00:00"
"R1-target","cicada-bo1",0,"ok","0",605164,0.3473861750376813,,,,3.7741980029968545,"bnode017","2026-09-30T14:02:47.620287+00:00"
"R2-target","silo-fixed25",0,"failed","timeout",,,,,,60.1113150640158,"bnode017","2026-09-30T14:02:51.421801+00:00"
"R2-target","ss2pl-bo0",0,"failed","-11",,,,,,1.0077172880119178,"bnode017","2026-09-30T14:03:51.596909+00:00"
"R2-target","si-bo0",0,"failed","1",,,,,,0.7693148140097037,"bnode017","2026-09-30T14:03:52.633075+00:00"
"R1-target","cicada-bo0",0,"ok","0",1248764,0.7983986480308833,,,,3.733013310993556,"bnode017","2026-09-30T14:03:53.430324+00:00"
"R2-target","tictoc-bo0",0,"ok","0",463199,0.7110614066532538,,,,3.5435172260040417,"bnode017","2026-09-30T14:03:57.183406+00:00"
"R2-target","cicada-bo1",0,"ok","0",14420,0.26686212039045554,,,,3.8737062409927603,"bnode017","2026-09-30T14:04:01.895438+00:00"
"R2-target","silo-fixed5",0,"failed","timeout",,,,,,60.1282286310161,"bnode017","2026-09-30T14:04:05.793203+00:00"
"R2-target","oze-bo1",0,"ok","0",94,0.9392895586652314,,,,5.008997905999422,"bnode017","2026-09-30T14:05:06.031631+00:00"
"R1-target","ermia-bo0",0,"ok","0",62462,0.9659887380552381,,,,3.8633980599988718,"bnode017","2026-09-30T14:05:11.067811+00:00"
"R1-bound","si-bo1",0,"ok","0",1478481,0.0010277013139171434,,,,3.8949680189834908,"bnode017","2026-09-30T14:05:14.958492+00:00"
"R1-bound","tictoc-bo1",0,"ok","0",7647156,0.0003785595017933864,,,,3.3434332009928767,"bnode017","2026-09-30T14:05:18.869291+00:00"
"R2-target","ss2pl-bo1",0,"failed","-11",,,,,,1.007647875987459,"bnode017","2026-09-30T14:05:22.251867+00:00"
"R1-target","si-bo0",0,"ok","0",37862,0.9839605599252499,,,,3.882852474023821,"bnode017","2026-09-30T14:05:23.284955+00:00"
"R1-bound","silo-bo1",0,"ok","0",8192876,0.0005293260756386102,,,,3.3455424289859366,"bnode017","2026-09-30T14:05:27.187805+00:00"
"R1-target","silo-fixed5",0,"ok","0",2280121,0.6822311389944127,,,,3.3549484759860206,"bnode017","2026-09-30T14:05:30.559882+00:00"
"R1-target","silo-fixed10",0,"ok","0",2197205,0.5832150203061701,,,,3.3537267509964295,"bnode017","2026-09-30T14:05:33.935411+00:00"
"R2-target","mocc-bo0",0,"ok","0",42012,0.7859067174447008,,,,3.4308449380041566,"bnode017","2026-09-30T14:05:37.309211+00:00"
"R2-target","mocc-bo1",0,"ok","0",57433,0.6166778644431293,,,,3.441408312995918,"bnode017","2026-09-30T14:05:40.784546+00:00"
"R2-target","oze-bo0",0,"failed","-6",,,,,,2.4743425369961187,"bnode017","2026-09-30T14:05:44.260612+00:00"
"R1-target","mocc-bo0",0,"ok","0",385309,0.5277153790650299,,,,3.4311082049971446,"bnode017","2026-09-30T14:05:46.753972+00:00"
"R1-target","silo-bo0",0,"ok","0",1488853,0.8692362220291492,,,,3.3496837620041333,"bnode017","2026-09-30T14:05:50.204977+00:00"
"R1-target","si-bo1",0,"ok","0",328698,0.30405908017519667,,,,3.780621070007328,"bnode017","2026-09-30T14:05:53.570926+00:00"
"R2-target","ermia-bo0",0,"failed","1",,,,,,0.8378447310242336,"bnode017","2026-09-30T14:05:57.371463+00:00"
"R1-target","ermia-bo1",0,"ok","0",282750,0.36075086533092077,,,,3.78178549502627,"bnode017","2026-09-30T14:05:58.230390+00:00"
"R1-target","mocc-bo1",0,"ok","0",500627,0.3010653308612743,,,,3.425266056001419,"bnode017","2026-09-30T14:06:02.028008+00:00"
"R2-target","silo-bo1",0,"failed","timeout",,,,,,60.1237786290003,"bnode017","2026-09-30T14:06:05.478121+00:00"
"R2-target","ermia-bo1",0,"failed","1",,,,,,0.9314340260170866,"bnode017","2026-09-30T14:07:05.673720+00:00"
"R2-target","silo-fixed10",0,"ok","0",314512,0.7608565729478468,,,,3.425497730000643,"bnode017","2026-09-30T14:07:06.625808+00:00"
"R2-target","tictoc-bo1",0,"ok","0",286639,0.6163305971261347,,,,3.460349071014207,"bnode017","2026-09-30T14:07:10.931616+00:00"
"R1-bound","ermia-bo1",0,"ok","0",1495147,0.001015589521877825,,,,3.875298411003314,"bnode017","2026-09-30T14:07:14.839388+00:00"
"R2-target","mvto-bo1",0,"failed","timeout",,,,,,60.09394364099717,"bnode017","2026-09-30T14:07:18.739906+00:00"
"R1-target","silo-bo1",0,"ok","0",933120,0.5109956758656566,,,,3.3950489620037843,"bnode017","2026-09-30T14:08:18.848658+00:00"
"R1-target","tictoc-bo0",0,"ok","0",1522537,0.8712056753507131,,,,3.342978000000585,"bnode017","2026-09-30T14:08:22.263586+00:00"
"R1-bound","cicada-bo1",0,"ok","0",4324990,0.0005842455060467292,,,,3.7451555560110137,"bnode017","2026-09-30T14:08:25.622248+00:00"
"R3-mixed","ermia-bo1",0,"ok","0",1350804,2.393578300855519e-05,1350804.3333333333,0,7,7.4585972749919165,"bnode020","2026-09-30T13:40:38.346274+00:00"
"R3-mixed","ermia-bo0",0,"ok","0",1038523,2.343016302900012e-05,1038523,0,6,7.18207545299083,"bnode020","2026-09-30T13:40:45.826827+00:00"
"R3-mixed","cicada-bo0",0,"ok","0",2733731,2.2313323443938324e-05,2733731.6666666665,0,8,7.607505410007434,"bnode020","2026-09-30T13:40:53.029539+00:00"
"R3-short-only","silo-bo1",0,"ok","0",39190811,7.229533477779412e-06,39190811.666666664,0,0,5.353990896022879,"bnode020","2026-09-30T13:41:00.657133+00:00"
"R2-bound","si-bo1",0,"ok","0",184011,0.013130655835588815,,,,24.051720560994,"bnode020","2026-09-30T13:41:06.032141+00:00"
"R3-mixed","oze-bo0",0,"ok","0",1317964,9.610688704481691e-06,1317964.3333333333,0,0,7.6816306579858065,"bnode020","2026-09-30T13:41:30.105069+00:00"
"R2-bound","mvto-bo1",0,"ok","0",273036,0.00446291297441239,,,,24.147867217980092,"bnode020","2026-09-30T13:41:37.806595+00:00"
"R3-short-only","mvto-bo1",0,"ok","0",1899158,1.2461505356867676e-05,1899158.3333333333,0,0,7.130262349994155,"bnode020","2026-09-30T13:42:01.974750+00:00"
"R2-bound","tictoc-bo1",0,"ok","0",667646,0.010545940642774785,,,,13.371898837998742,"bnode020","2026-09-30T13:42:09.125333+00:00"
"R3-short-only","ermia-bo1",0,"ok","0",2824364,2.0063109099764752e-05,2824364.3333333335,0,0,7.346791381016374,"bnode020","2026-09-30T13:42:22.512919+00:00"
"R3-mixed","si-bo0",0,"ok","0",1131550,1.8558264407546555e-05,1131548.3333333333,6,0,7.279734265001025,"bnode020","2026-09-30T13:42:29.879914+00:00"
"R3-short-only","ss2pl-bo1",0,"failed","-11",,,,,,8.621170444006566,"bnode020","2026-09-30T13:42:37.179869+00:00"
"R3-mixed","ss2pl-bo0",0,"failed","-11",,,,,,8.74256487400271,"bnode020","2026-09-30T13:42:45.820920+00:00"
"R3-short-only","oze-bo1",0,"ok","0",2081596,2.337894255441529e-05,2081596.6666666667,0,0,7.546358057996258,"bnode020","2026-09-30T13:42:54.584062+00:00"
"R2-bound","oze-bo1",0,"ok","0",1090,0.0021354484441732766,,,,26.934124052000698,"bnode020","2026-09-30T13:43:02.150921+00:00"
"R3-short-only","cicada-bo1",0,"ok","0",15524164,2.1342615409978115e-05,15524164,0,0,7.1351161249913275,"bnode020","2026-09-30T13:43:29.105132+00:00"
"R3-mixed","cicada-bo1",0,"ok","0",2933999,1.908621128026897e-05,2933999.3333333335,0,8,7.392524594004499,"bnode020","2026-09-30T13:43:36.256060+00:00"
"R3-short-only","tictoc-bo1",0,"ok","0",37100815,7.969213213325667e-06,37100815.666666664,0,0,5.238421639020089,"bnode020","2026-09-30T13:43:43.668704+00:00"
"R2-bound","cicada-bo1",0,"ok","0",295179,0.012750648290808875,,,,24.132945853983983,"bnode020","2026-09-30T13:43:48.927641+00:00"
"R3-mixed","ss2pl-bo1",0,"failed","-11",,,,,,8.677752302988665,"bnode020","2026-09-30T13:44:13.076401+00:00"
"R3-mixed","mocc-bo1",0,"ok","0",23762215,1.2877421369034297e-05,23762215.333333332,0,6,5.822245332004968,"bnode020","2026-09-30T13:44:21.775033+00:00"
"R2-bound","silo-bo1",0,"ok","0",679169,0.016472512264479277,,,,13.36076991801383,"bnode020","2026-09-30T13:44:27.617858+00:00"
"R3-mixed","silo-bo0",0,"ok","0",40060749,7.638341027214586e-06,40060749,0,5,5.39503316898481,"bnode020","2026-09-30T13:44:41.000043+00:00"
"R3-mixed","si-bo1",0,"ok","0",1141311,2.307233556872139e-05,1141309.6666666667,6,0,7.241375522018643,"bnode020","2026-09-30T13:44:46.415808+00:00"
"R2-bound","ermia-bo1",0,"ok","0",186172,0.01288771849207331,,,,24.01692051498685,"bnode020","2026-09-30T13:44:53.695337+00:00"
"R3-short-only","si-bo1",0,"ok","0",2848761,2.1763371310026246e-05,2848761.3333333335,0,0,7.21322850100114,"bnode020","2026-09-30T13:45:17.728126+00:00"
"R3-mixed","mvto-bo1",0,"ok","0",1704144,1.7017048344065157e-05,1704144.3333333333,0,7,7.373394212016137,"bnode020","2026-09-30T13:45:24.957144+00:00"
"R2-bound","mocc-bo1",0,"ok","0",516279,0.011051332378973608,,,,15.940066641021986,"bnode020","2026-09-30T13:45:32.360933+00:00"
"R3-short-only","mocc-bo1",0,"ok","0",32350196,1.4579812282907625e-05,32350196.333333332,0,0,5.835456027009059,"bnode020","2026-09-30T13:45:48.316533+00:00"
"R3-mixed","mvto-bo0",0,"ok","0",1911715,1.848218700765023e-05,1911715.3333333333,0,6,7.173244952980895,"bnode020","2026-09-30T13:45:54.179729+00:00"
"R2-bound","ss2pl-bo1",0,"ok","0",452854,0.6023975018218322,,,,13.344661918003112,"bnode020","2026-09-30T13:46:01.379567+00:00"
"R3-mixed","tictoc-bo1",0,"ok","0",37924610,8.182834080549429e-06,37924610.333333336,0,5,5.621255865000421,"bnode020","2026-09-30T13:46:15.695468+00:00"
"R3-mixed","silo-bo1",0,"ok","0",39999331,7.366735607034056e-06,39999331,0,6,5.69609557199874,"bnode020","2026-09-30T13:46:21.332278+00:00"
"R3-mixed","mocc-bo0",0,"ok","0",24368966,1.3336456754302553e-05,24368966.333333332,0,6,6.126479659986217,"bnode020","2026-09-30T13:46:27.058961+00:00"
"R3-mixed","tictoc-bo0",0,"ok","0",38387937,8.353248638743921e-06,38387937.666666664,0,7,5.701034363999497,"bnode020","2026-09-30T13:46:33.211254+00:00"
"R3-mixed","oze-bo1",0,"ok","0",1584423,0.044266467421049394,1584423.3333333333,0,0,7.694506736006588,"bnode020","2026-09-30T13:46:38.927857+00:00"
"R3-long-only","ss2pl-bo1",0,"ok","0",1,0.16666666666666666,,5,0,6.106322737003211,"bnode018","2026-09-30T13:47:55.964375+00:00"
"R3-long-only","ermia-bo1",0,"ok","0",2,0,,7,0,7.19796275702538,"bnode018","2026-09-30T13:48:02.098151+00:00"
"R3-long-only","si-bo1",0,"ok","0",2,0,,7,0,7.321224347979296,"bnode018","2026-09-30T13:48:09.318022+00:00"
"R3-long-only","oze-bo1",0,"ok","0",0,,,0,0,7.541702640010044,"bnode018","2026-09-30T13:48:16.668070+00:00"
"R3-long-only","cicada-bo1",0,"ok","0",2,0,,7,0,7.101307223987533,"bnode018","2026-09-30T13:48:24.243529+00:00"
"R3-long-only","mocc-bo1",0,"ok","0",2,0,,7,0,5.929038022004534,"bnode018","2026-09-30T13:48:31.367376+00:00"
"R3-long-only","tictoc-bo1",0,"ok","0",1,0,,5,0,5.35580600501271,"bnode018","2026-09-30T13:48:37.317379+00:00"
"R3-long-only","silo-bo1",0,"ok","0",2,0,,6,0,5.522005298000295,"bnode018","2026-09-30T13:48:42.701318+00:00"
"R3-long-only","mvto-bo1",0,"ok","0",2,0,,7,0,7.2411561149929184,"bnode018","2026-09-30T13:48:48.244427+00:00"
"R1-bound","mocc-bo1",1,"ok","0",6995158,0.0005366070602763038,,,,3.4081754949875176,"bnode023","2026-09-30T13:40:39.063516+00:00"
"R2-target","mvto-bo1",1,"failed","timeout",,,,,,60.0902937920182,"bnode023","2026-09-30T13:40:42.499067+00:00"
"R2-target","ermia-bo1",1,"failed","1",,,,,,0.8253369109879714,"bnode023","2026-09-30T13:41:42.609357+00:00"
"R2-target","tictoc-bo0",1,"ok","0",463132,0.7112349667900789,,,,3.543178015999729,"bnode023","2026-09-30T13:41:43.466987+00:00"
"R1-target","si-bo1",1,"ok","0",330751,0.31359381063755165,,,,3.7608060380152892,"bnode023","2026-09-30T13:41:48.167189+00:00"
"R2-target","cicada-bo1",1,"ok","0",12682,0.23095892626131953,,,,3.780332227994222,"bnode023","2026-09-30T13:41:51.948619+00:00"
"R1-bound","tictoc-bo1",1,"ok","0",7521315,0.00037275678629779014,,,,3.3330920540029183,"bnode023","2026-09-30T13:41:55.752246+00:00"
"R1-target","silo-bo1",1,"ok","0",972020,0.5213314843595598,,,,3.3503459729836322,"bnode023","2026-09-30T13:41:59.106125+00:00"
"R2-target","ss2pl-bo1",1,"failed","-11",,,,,,0.9853951529948972,"bnode023","2026-09-30T13:42:02.498138+00:00"
"R1-bound","cicada-bo1",1,"ok","0",4324787,0.000581963402012461,,,,3.686692232993664,"bnode023","2026-09-30T13:42:03.517927+00:00"
"R1-target","ermia-bo0",1,"ok","0",53514,0.970472374326932,,,,3.8011206910014153,"bnode023","2026-09-30T13:42:07.228853+00:00"
"R2-target","oze-bo1",1,"ok","0",68,0.9270021261516654,,,,5.448455450008623,"bnode023","2026-09-30T13:42:11.051659+00:00"
"R1-target","cicada-bo0",1,"ok","0",1218272,0.7991434125348555,,,,3.744299334997777,"bnode023","2026-09-30T13:42:16.521364+00:00"
"R2-target","mvto-bo0",1,"failed","timeout",,,,,,60.09040064102737,"bnode023","2026-09-30T13:42:20.302013+00:00"
"R1-target","tictoc-bo0",1,"ok","0",1499900,0.8712331668783018,,,,3.339742109994404,"bnode023","2026-09-30T13:43:20.417829+00:00"
"R2-target","si-bo1",1,"failed","1",,,,,,0.7522057360038161,"bnode023","2026-09-30T13:43:23.777683+00:00"
"R1-bound","silo-bo1",1,"ok","0",8228438,0.0005152230703327065,,,,3.3516711549891625,"bnode023","2026-09-30T13:43:24.545924+00:00"
"R2-target","silo-fixed10",1,"failed","timeout",,,,,,60.12439370100037,"bnode023","2026-09-30T13:43:27.919915+00:00"
"R1-bound","ermia-bo1",1,"ok","0",1481905,0.000983575171030172,,,,3.8269015440018848,"bnode023","2026-09-30T13:44:28.144350+00:00"
"R1-target","silo-fixed25",1,"ok","0",1796997,0.4508372174279764,,,,3.3410116189916153,"bnode023","2026-09-30T13:44:31.992834+00:00"
"R2-target","mocc-bo0",1,"ok","0",40717,0.8495705781370455,,,,3.4109378319990356,"bnode023","2026-09-30T13:44:35.355563+00:00"
"R2-target","silo-bo0",1,"ok","0",318625,0.775361136988117,,,,3.4463177759898826,"bnode023","2026-09-30T13:44:38.812857+00:00"
"R1-target","silo-bo0",1,"ok","0",1542999,0.8661331248374922,,,,3.355858716997318,"bnode023","2026-09-30T13:44:43.242024+00:00"
"R2-target","silo-fixed25",1,"failed","timeout",,,,,,60.11496621798142,"bnode023","2026-09-30T13:44:46.626059+00:00"
"R1-target","tictoc-bo1",1,"ok","0",941865,0.41860460331154814,,,,3.3502093339920975,"bnode023","2026-09-30T13:45:46.802801+00:00"
"R2-target","silo-bo1",1,"failed","timeout",,,,,,60.10907307700836,"bnode023","2026-09-30T13:45:50.173282+00:00"
"R2-target","mocc-bo1",1,"ok","0",57819,0.61620463893689,,,,3.43476534698857,"bnode023","2026-09-30T13:46:50.343388+00:00"
"R2-target","silo-fixed5",1,"ok","0",320830,0.7777855761900518,,,,3.446089178993134,"bnode023","2026-09-30T13:46:53.813244+00:00"
"R1-target","mocc-bo0",1,"ok","0",396985,0.5166823652495466,,,,3.449952200986445,"bnode023","2026-09-30T13:46:58.263076+00:00"
"R2-target","si-bo0",1,"failed","1",,,,,,0.7176106849801727,"bnode023","2026-09-30T13:47:01.732981+00:00"
"R1-bound","si-bo1",1,"ok","0",1487844,0.001013415218237893,,,,3.8226702060201205,"bnode023","2026-09-30T13:47:02.466675+00:00"
"R1-target","cicada-bo1",1,"ok","0",623561,0.36297189247355766,,,,3.714919177000411,"bnode023","2026-09-30T13:47:06.305242+00:00"
"R2-target","ermia-bo0",1,"failed","1",,,,,,0.7889541460026521,"bnode023","2026-09-30T13:47:10.040793+00:00"
"R1-target","silo-fixed5",1,"ok","0",2283875,0.682068958700907,,,,3.340531663998263,"bnode023","2026-09-30T13:47:10.851766+00:00"
"R2-target","cicada-bo0",1,"ok","0",12362,0.29668120614450977,,,,3.8523262350063305,"bnode023","2026-09-30T13:47:14.213262+00:00"
"R1-target","mocc-bo1",1,"ok","0",471933,0.37257692120202257,,,,3.4150850839796476,"bnode023","2026-09-30T13:47:18.085914+00:00"
"R1-target","silo-fixed10",1,"ok","0",2171181,0.5859970927516464,,,,3.347238390997518,"bnode023","2026-09-30T13:47:21.521557+00:00"
"R2-target","ss2pl-bo0",1,"failed","-11",,,,,,0.9865005130122881,"bnode023","2026-09-30T13:47:24.888811+00:00"
"R2-target","oze-bo0",1,"ok","0",77,0.9362054681027341,,,,5.800942828995176,"bnode023","2026-09-30T13:47:25.900885+00:00"
"R2-target","tictoc-bo1",1,"ok","0",280108,0.6109999856496164,,,,3.4626047170022503,"bnode023","2026-09-30T13:47:31.724385+00:00"
"R1-target","si-bo0",1,"ok","0",15597,0.9942495067415572,,,,3.8364187850093003,"bnode023","2026-09-30T13:47:35.618685+00:00"
"R1-target","ermia-bo1",1,"ok","0",291535,0.3950016325039844,,,,3.746288196009118,"bnode023","2026-09-30T13:47:39.471010+00:00"
"R2-bound","cicada-bo1",1,"ok","0",282423,0.01237461897573684,,,,24.214405050006462,"bnode017","2026-09-30T14:08:52.145941+00:00"
"R3-mixed","silo-bo0",1,"ok","0",40321223,6.977252907222468e-06,40321223,0,5,5.39622881799005,"bnode017","2026-09-30T14:09:16.381847+00:00"
"R3-mixed","oze-bo0",1,"ok","0",1561875,0.23054836109777319,1561875,0,0,7.703769724990707,"bnode017","2026-09-30T14:09:21.798492+00:00"
"R2-bound","mvto-bo1",1,"ok","0",274467,0.004599821568025377,,,,24.175870940001914,"bnode017","2026-09-30T14:09:29.520405+00:00"
"R3-short-only","silo-bo1",1,"ok","0",39235460,6.881482654008092e-06,39235460.666666664,0,0,5.434343318018364,"bnode017","2026-09-30T14:09:53.715856+00:00"
"R3-mixed","si-bo0",1,"ok","0",1145594,2.036746396559179e-05,1145592.6666666667,6,0,7.312378656992223,"bnode017","2026-09-30T14:09:59.177754+00:00"
"R2-bound","tictoc-bo1",1,"ok","0",663830,0.010666857430137847,,,,13.40922086298815,"bnode017","2026-09-30T14:10:06.508544+00:00"
"R3-short-only","ermia-bo1",1,"ok","0",2841402,2.076396370693765e-05,2841402.3333333335,0,0,7.412787523993757,"bnode017","2026-09-30T14:10:19.954618+00:00"
"R3-mixed","mocc-bo1",1,"ok","0",24083407,1.3190096725899658e-05,24083407.666666668,0,6,6.082072765013436,"bnode017","2026-09-30T14:10:27.387759+00:00"
"R3-mixed","ss2pl-bo0",1,"failed","-11",,,,,,8.689685338991694,"bnode017","2026-09-30T14:10:33.489520+00:00"
"R3-mixed","mvto-bo1",1,"ok","0",1650242,2.201648368073594e-05,1650242.3333333333,0,6,7.080748451990075,"bnode017","2026-09-30T14:10:42.200221+00:00"
"R3-mixed","ss2pl-bo1",1,"failed","-11",,,,,,8.56025378999766,"bnode017","2026-09-30T14:10:49.301816+00:00"
"R3-short-only","tictoc-bo1",1,"ok","0",37244843,7.634108099543472e-06,37244843.666666664,0,0,5.159939048986416,"bnode017","2026-09-30T14:10:57.881559+00:00"
"R2-bound","silo-bo1",1,"ok","0",670107,0.016309528236705662,,,,13.396292694000294,"bnode017","2026-09-30T14:11:03.059895+00:00"
"R3-mixed","oze-bo1",1,"ok","0",1428965,9.097406632615928e-06,1428965.6666666667,0,0,7.668952345993603,"bnode017","2026-09-30T14:11:16.477214+00:00"
"R3-mixed","cicada-bo1",1,"ok","0",2896368,1.841352731370574e-05,2896368,0,8,7.466495318018133,"bnode017","2026-09-30T14:11:24.168049+00:00"
"R3-mixed","mocc-bo0",1,"ok","0",24544389,1.2534954767079287e-05,24544389.333333332,0,6,5.999222134996671,"bnode017","2026-09-30T14:11:31.654761+00:00"
"R3-short-only","mvto-bo1",1,"ok","0",1971169,1.5557359307359307e-05,1971169.3333333333,0,0,7.087777910986915,"bnode017","2026-09-30T14:11:37.669972+00:00"
"R3-short-only","si-bo1",1,"ok","0",2842374,1.9935984381446214e-05,2842374.6666666665,0,0,7.210924760991475,"bnode017","2026-09-30T14:11:44.778497+00:00"
"R3-mixed","cicada-bo0",1,"ok","0",2733782,2.1703278146042577e-05,2733782.6666666665,0,8,7.566123814001912,"bnode017","2026-09-30T14:11:52.011058+00:00"
"R3-mixed","mvto-bo0",1,"ok","0",1812907,2.0592652872408474e-05,1812907,0,6,7.156855537992669,"bnode017","2026-09-30T14:11:59.598319+00:00"
"R2-bound","oze-bo1",1,"ok","0",1208,0.006032355360570332,,,,26.45605910901213,"bnode017","2026-09-30T14:12:06.773717+00:00"
"R2-bound","ss2pl-bo1",1,"ok","0",457386,0.6023134444504664,,,,13.323052038991591,"bnode017","2026-09-30T14:12:33.248094+00:00"
"R3-short-only","ss2pl-bo1",1,"failed","-11",,,,,,8.764949371980038,"bnode017","2026-09-30T14:12:47.548656+00:00"
"R3-mixed","tictoc-bo0",1,"ok","0",38638948,7.781379670879904e-06,38638948.333333336,0,5,5.552913366991561,"bnode017","2026-09-30T14:12:56.333332+00:00"
"R3-short-only","mocc-bo1",1,"ok","0",32686287,1.432792360567327e-05,32686287,0,0,5.758482158998959,"bnode017","2026-09-30T14:13:01.902108+00:00"
"R3-mixed","silo-bo1",1,"ok","0",40119647,6.920916950209627e-06,40119647,0,6,5.376887957012514,"bnode017","2026-09-30T14:13:07.676523+00:00"
"R3-short-only","oze-bo1",1,"failed","-6",,,,,,17.64704145101132,"bnode017","2026-09-30T14:13:13.069379+00:00"
"R3-mixed","si-bo1",1,"ok","0",1141821,2.30620439042931e-05,1141819,6,0,7.1764442560088355,"bnode017","2026-09-30T14:13:30.731970+00:00"
"R2-bound","si-bo1",1,"ok","0",177473,0.01325492565417469,,,,24.34724012899096,"bnode017","2026-09-30T14:13:37.928693+00:00"
"R2-bound","mocc-bo1",1,"ok","0",508827,0.010969836997720637,,,,15.929566459002672,"bnode017","2026-09-30T14:14:02.294341+00:00"
"R2-bound","ermia-bo1",1,"ok","0",183924,0.013233805577512546,,,,24.14111906400649,"bnode017","2026-09-30T14:14:18.242179+00:00"
"R3-mixed","tictoc-bo1",1,"ok","0",37843416,8.147541997121795e-06,37843416,0,6,5.642724203004036,"bnode017","2026-09-30T14:14:42.399325+00:00"
"R3-mixed","ermia-bo1",1,"ok","0",1094478,2.8323202458819434e-05,1094478,0,7,7.409334597992711,"bnode017","2026-09-30T14:14:48.058047+00:00"
"R3-mixed","ermia-bo0",1,"ok","0",1031378,3.070229727515496e-05,1031378.6666666666,0,6,7.068983922014013,"bnode017","2026-09-30T14:14:55.488082+00:00"
"R3-short-only","cicada-bo1",1,"ok","0",15638395,2.2124542202617538e-05,15638395.666666666,0,0,7.207971538009588,"bnode017","2026-09-30T14:15:02.573051+00:00"
"R3-long-only","oze-bo1",1,"ok","0",0,,,0,0,7.368503384001087,"bnode002","2026-09-30T13:47:09.521526+00:00"
"R3-long-only","cicada-bo1",1,"ok","0",2,0,,7,0,7.042976781987818,"bnode002","2026-09-30T13:47:16.913354+00:00"
"R3-long-only","silo-bo1",1,"ok","0",1,0,,5,0,5.117771552992053,"bnode002","2026-09-30T13:47:23.978327+00:00"
"R3-long-only","ss2pl-bo1",1,"ok","0",2,0.14285714285714285,,6,0,6.199726194987306,"bnode002","2026-09-30T13:47:29.118177+00:00"
"R3-long-only","si-bo1",1,"ok","0",2,0,,6,0,7.06710989298881,"bnode002","2026-09-30T13:47:35.339591+00:00"
"R3-long-only","mvto-bo1",1,"ok","0",2,0,,7,0,7.156678061990533,"bnode002","2026-09-30T13:47:42.428119+00:00"
"R3-long-only","ermia-bo1",1,"ok","0",2,0,,7,0,7.066252851014724,"bnode002","2026-09-30T13:47:49.607643+00:00"
"R3-long-only","mocc-bo1",1,"ok","0",2,0,,7,0,5.744541440013563,"bnode002","2026-09-30T13:47:56.696709+00:00"
"R3-long-only","tictoc-bo1",1,"ok","0",1,0,,5,0,5.141767970024375,"bnode002","2026-09-30T13:48:02.462090+00:00"
"R2-target","silo-fixed10",2,"failed","timeout",,,,,,60.12029036300373,"bnode002","2026-09-30T13:49:17.761801+00:00"
"R1-target","silo-bo0",2,"ok","0",1546528,0.8654779188539691,,,,3.370405287016183,"bnode002","2026-09-30T13:50:17.972091+00:00"
"R2-target","cicada-bo0",2,"ok","0",13709,0.2909087774348718,,,,3.8965001839969773,"bnode002","2026-09-30T13:50:21.364554+00:00"
"R2-target","silo-fixed5",2,"failed","timeout",,,,,,60.12662102500326,"bnode002","2026-09-30T13:50:25.287034+00:00"
"R2-target","ermia-bo1",2,"failed","1",,,,,,0.7708841690036934,"bnode002","2026-09-30T13:51:25.513020+00:00"
"R2-target","ss2pl-bo0",2,"failed","-11",,,,,,1.0000198900233954,"bnode002","2026-09-30T13:51:26.305022+00:00"
"R2-target","si-bo0",2,"failed","1",,,,,,0.7179833350237459,"bnode002","2026-09-30T13:51:27.327368+00:00"
"R1-bound","tictoc-bo1",2,"ok","0",7663863,0.00037238881096187445,,,,3.363216841011308,"bnode002","2026-09-30T13:51:28.066270+00:00"
"R1-target","mocc-bo1",2,"ok","0",478839,0.3422910054557342,,,,3.4199550390185323,"bnode002","2026-09-30T13:51:31.455553+00:00"
"R1-target","cicada-bo0",2,"ok","0",1192987,0.8010913578108908,,,,3.727522155008046,"bnode002","2026-09-30T13:51:34.896690+00:00"
"R2-target","silo-bo0",2,"failed","timeout",,,,,,60.12591045699082,"bnode002","2026-09-30T13:51:38.646245+00:00"
"R2-target","mvto-bo1",2,"failed","timeout",,,,,,60.0883416380093,"bnode002","2026-09-30T13:52:38.879968+00:00"
"R1-target","ermia-bo1",2,"ok","0",291747,0.3833278024261307,,,,3.759996176988352,"bnode002","2026-09-30T13:53:38.995296+00:00"
"R2-target","si-bo1",2,"failed","1",,,,,,0.7500730970059521,"bnode002","2026-09-30T13:53:42.781860+00:00"
"R2-target","mocc-bo1",2,"ok","0",57832,0.6335665044606651,,,,3.4106177229841705,"bnode002","2026-09-30T13:53:43.557990+00:00"
"R2-target","mvto-bo0",2,"failed","timeout",,,,,,60.091220495000016,"bnode002","2026-09-30T13:53:47.005702+00:00"
"R2-target","mocc-bo0",2,"ok","0",41602,0.8415080778090737,,,,3.42616950898082,"bnode002","2026-09-30T13:54:47.120244+00:00"
"R1-target","tictoc-bo1",2,"ok","0",943188,0.42415438448535725,,,,3.339578215003712,"bnode002","2026-09-30T13:54:50.586103+00:00"
"R1-target","si-bo0",2,"ok","0",51247,0.9701561955564874,,,,3.796749944012845,"bnode002","2026-09-30T13:54:53.947005+00:00"
"R1-bound","mocc-bo1",2,"ok","0",6780342,0.0005347900482274097,,,,3.408528949978063,"bnode002","2026-09-30T13:54:57.759202+00:00"
"R1-bound","ermia-bo1",2,"ok","0",1433549,0.001006044630193232,,,,3.81990799200139,"bnode002","2026-09-30T13:55:01.183562+00:00"
"R1-target","cicada-bo1",2,"ok","0",611808,0.3541223645247391,,,,3.7150047920004,"bnode002","2026-09-30T13:55:05.032021+00:00"
"R1-bound","silo-bo1",2,"ok","0",8064532,0.0005151188136064737,,,,3.3394481810100842,"bnode002","2026-09-30T13:55:08.769862+00:00"
"R1-target","silo-fixed5",2,"ok","0",2236130,0.6855748502326038,,,,3.353567726997426,"bnode002","2026-09-30T13:55:12.139438+00:00"
"R1-target","ermia-bo0",2,"ok","0",56118,0.968430146288757,,,,3.809225997014437,"bnode002","2026-09-30T13:55:15.523635+00:00"
"R1-target","mocc-bo0",2,"ok","0",419087,0.5048211742538818,,,,3.4393446169851813,"bnode002","2026-09-30T13:55:19.354047+00:00"
"R1-bound","si-bo1",2,"ok","0",1480350,0.001003259468542417,,,,3.8448975140054245,"bnode002","2026-09-30T13:55:22.819828+00:00"
"R1-target","si-bo1",2,"ok","0",336272,0.3352854510999771,,,,3.7274372419924475,"bnode002","2026-09-30T13:55:26.680279+00:00"
"R2-target","tictoc-bo1",2,"ok","0",286237,0.6159263584492909,,,,3.4595439539989457,"bnode002","2026-09-30T13:55:30.433213+00:00"
"R1-target","silo-fixed10",2,"ok","0",2164168,0.5867851412315429,,,,3.344403060997138,"bnode002","2026-09-30T13:55:34.348057+00:00"
"R2-target","cicada-bo1",2,"ok","0",12829,0.2478159751402271,,,,3.833732492988929,"bnode002","2026-09-30T13:55:37.718026+00:00"
"R1-target","silo-bo1",2,"ok","0",967650,0.5170699441917739,,,,3.3356541609973647,"bnode002","2026-09-30T13:55:41.570293+00:00"
"R2-target","tictoc-bo0",2,"ok","0",455855,0.7076292366060033,,,,3.5093911250005476,"bnode002","2026-09-30T13:55:44.941807+00:00"
"R2-target","silo-fixed25",2,"ok","0",259578,0.7125665907913974,,,,3.411089440982323,"bnode002","2026-09-30T13:55:49.576337+00:00"
"R2-target","oze-bo1",2,"ok","0",59,0.9233749461902712,,,,7.884235355013516,"bnode002","2026-09-30T13:55:53.494087+00:00"
"R2-target","ermia-bo0",2,"failed","1",,,,,,0.7454040480079129,"bnode002","2026-09-30T13:56:01.409676+00:00"
"R1-target","tictoc-bo0",2,"ok","0",1488982,0.8714028619832063,,,,3.3309524479846004,"bnode002","2026-09-30T13:56:02.181732+00:00"
"R1-bound","cicada-bo1",2,"ok","0",4257394,0.0005739653091767624,,,,3.6850637670140713,"bnode002","2026-09-30T13:56:05.527955+00:00"
"R2-target","oze-bo0",2,"ok","0",74,0.9208556149732621,,,,5.596292748028645,"bnode002","2026-09-30T13:56:09.235157+00:00"
"R2-target","silo-bo1",2,"failed","timeout",,,,,,60.11680162700941,"bnode002","2026-09-30T13:56:14.854998+00:00"
"R1-target","silo-fixed25",2,"ok","0",1789768,0.451800557438767,,,,3.3547488449839875,"bnode002","2026-09-30T13:57:15.033463+00:00"
"R2-target","ss2pl-bo1",2,"failed","-11",,,,,,0.987216774985427,"bnode002","2026-09-30T13:57:18.408699+00:00"
"R3-mixed","silo-bo1",2,"ok","0",40176901,7.632851670801778e-06,40176901,0,6,5.771928120026132,"bnode016","2026-09-30T13:48:08.413056+00:00"
"R3-short-only","ss2pl-bo1",2,"failed","-11",,,,,,8.599047002993757,"bnode016","2026-09-30T13:48:14.205976+00:00"
"R3-mixed","mvto-bo0",2,"ok","0",1733779,1.8264201089238502e-05,1733779,0,6,7.0622400069842115,"bnode016","2026-09-30T13:48:22.824455+00:00"
"R3-short-only","si-bo1",2,"ok","0",2840258,2.1007037474911846e-05,2840258.3333333335,0,0,7.210328698973171,"bnode016","2026-09-30T13:48:29.907319+00:00"
"R3-mixed","ss2pl-bo0",2,"failed","-11",,,,,,8.569316537003033,"bnode016","2026-09-30T13:48:37.137553+00:00"
"R3-mixed","cicada-bo0",2,"ok","0",2595257,1.8751802934477347e-05,2595257.3333333335,0,8,7.446101752022514,"bnode016","2026-09-30T13:48:45.726321+00:00"
"R3-mixed","oze-bo1",2,"ok","0",1419599,1.1975066502710004e-05,1419599.3333333333,0,0,7.662706745992182,"bnode016","2026-09-30T13:48:53.193194+00:00"
"R3-mixed","ermia-bo0",2,"ok","0",1115648,3.017587155236933e-05,1115648,0,7,7.649669531994732,"bnode016","2026-09-30T13:49:00.876561+00:00"
"R3-mixed","si-bo1",2,"ok","0",1281705,2.0024997438360717e-05,1281703.6666666667,6,0,7.214558745996328,"bnode016","2026-09-30T13:49:08.542278+00:00"
"R3-mixed","silo-bo0",2,"ok","0",40365351,6.8209849832629875e-06,40365351.333333336,0,5,5.313625706010498,"bnode016","2026-09-30T13:49:15.777257+00:00"
"R2-bound","cicada-bo1",2,"ok","0",284325,0.012545539370210914,,,,24.33696524502011,"bnode016","2026-09-30T13:49:21.111559+00:00"
"R3-short-only","silo-bo1",2,"ok","0",39430252,7.54913814752891e-06,39430252,0,0,5.251500926009612,"bnode016","2026-09-30T13:49:45.464640+00:00"
"R2-bound","mvto-bo1",2,"ok","0",256530,0.004600671540248439,,,,24.29551240100409,"bnode016","2026-09-30T13:49:50.737366+00:00"
"R3-short-only","cicada-bo1",2,"ok","0",15589539,1.990611412767495e-05,15589539.666666666,0,0,7.116825881006662,"bnode016","2026-09-30T13:50:15.053383+00:00"
"R2-bound","si-bo1",2,"ok","0",184852,0.013192875064505222,,,,24.130445021990454,"bnode016","2026-09-30T13:50:22.190620+00:00"
"R3-mixed","tictoc-bo0",2,"ok","0",38681295,8.014145155781883e-06,38681295.333333336,0,5,5.345016617007786,"bnode016","2026-09-30T13:50:46.342401+00:00"
"R3-short-only","tictoc-bo1",2,"ok","0",37089817,7.692977716930558e-06,37089817.333333336,0,0,5.4127323939756025,"bnode016","2026-09-30T13:50:51.710132+00:00"
"R3-mixed","mvto-bo1",2,"ok","0",1391478,1.8684814252584672e-05,1391478.3333333333,0,7,7.455899308988592,"bnode016","2026-09-30T13:50:57.144545+00:00"
"R2-bound","ss2pl-bo1",2,"ok","0",476335,0.6013838542894322,,,,13.314353837020462,"bnode016","2026-09-30T13:51:04.628868+00:00"
"R3-mixed","si-bo0",2,"ok","0",1139032,2.750797365438455e-05,1139030.3333333333,6,0,7.230173405027017,"bnode016","2026-09-30T13:51:18.964156+00:00"
"R3-mixed","oze-bo0",2,"ok","0",1389520,1.1274749574618091e-05,1389520,0,0,7.721908542996971,"bnode016","2026-09-30T13:51:26.235036+00:00"
"R2-bound","oze-bo1",2,"ok","0",1072,0.0030988534242330336,,,,26.828575230989372,"bnode016","2026-09-30T13:51:33.984546+00:00"
"R3-short-only","ermia-bo1",2,"ok","0",2810822,2.1108439747144608e-05,2810822.6666666665,0,0,7.242035002011107,"bnode016","2026-09-30T13:52:00.840194+00:00"
"R2-bound","silo-bo1",2,"ok","0",680840,0.016327116391987567,,,,13.363882634992478,"bnode016","2026-09-30T13:52:08.110525+00:00"
"R3-mixed","mocc-bo1",2,"ok","0",22400808,1.2291072049475701e-05,22400808.333333332,0,6,6.072011427982943,"bnode016","2026-09-30T13:52:21.504158+00:00"
"R2-bound","mocc-bo1",2,"ok","0",502324,0.011140778148378787,,,,15.965314504981507,"bnode016","2026-09-30T13:52:27.607698+00:00"
"R2-bound","ermia-bo1",2,"ok","0",182312,0.013121379982317173,,,,24.276240246981615,"bnode016","2026-09-30T13:52:43.604615+00:00"
"R3-mixed","ss2pl-bo1",2,"failed","-11",,,,,,8.648299934022361,"bnode016","2026-09-30T13:53:07.896937+00:00"
"R3-short-only","mocc-bo1",2,"ok","0",32544106,1.4093495223073297e-05,32544106,0,0,5.766738574980991,"bnode016","2026-09-30T13:53:16.560431+00:00"
"R3-mixed","tictoc-bo1",2,"ok","0",37930417,7.953096381211085e-06,37930417.666666664,0,6,5.674266301008174,"bnode016","2026-09-30T13:53:22.343093+00:00"
"R3-short-only","mvto-bo1",2,"ok","0",1837644,1.6324984736139272e-05,1837644,0,0,7.128942598996218,"bnode016","2026-09-30T13:53:28.033407+00:00"
"R3-mixed","cicada-bo1",2,"ok","0",2903013,1.630463113527769e-05,2903013.3333333335,0,8,7.480938350985525,"bnode016","2026-09-30T13:53:35.178255+00:00"
"R3-mixed","mocc-bo0",2,"ok","0",23340237,1.1853495028715591e-05,23340237.333333332,0,6,5.974792591005098,"bnode016","2026-09-30T13:53:42.690518+00:00"
"R2-bound","tictoc-bo1",2,"ok","0",637744,0.010633489778652971,,,,13.348168202006491,"bnode016","2026-09-30T13:53:48.695053+00:00"
"R3-mixed","ermia-bo1",2,"ok","0",1190551,2.743751525861818e-05,1190551.3333333333,0,7,7.450344626005972,"bnode016","2026-09-30T13:54:02.059068+00:00"
"R3-short-only","oze-bo1",2,"failed","-6",,,,,,17.814828041999135,"bnode016","2026-09-30T13:54:09.525466+00:00"
"R3-long-only","ermia-bo1",2,"ok","0",2,0,,7,0,7.225566934008384,"bnode021","2026-09-30T14:15:38.196140+00:00"
"R3-long-only","mocc-bo1",2,"ok","0",2,0,,7,0,5.7921756349969655,"bnode021","2026-09-30T14:15:45.441681+00:00"
"R3-long-only","ss2pl-bo1",2,"ok","0",1,0.16666666666666666,,5,0,5.821130368014565,"bnode021","2026-09-30T14:15:51.252956+00:00"
"R3-long-only","mvto-bo1",2,"ok","0",2,0,,7,0,7.080835106986342,"bnode021","2026-09-30T14:15:57.093463+00:00"
"R3-long-only","tictoc-bo1",2,"ok","0",1,0,,5,0,5.308836416981649,"bnode021","2026-09-30T14:16:04.193086+00:00"
"R3-long-only","cicada-bo1",2,"ok","0",2,0,,7,0,7.060855845018523,"bnode021","2026-09-30T14:16:09.520782+00:00"
"R3-long-only","si-bo1",2,"ok","0",2,0,,7,0,7.263678417977644,"bnode021","2026-09-30T14:16:16.600671+00:00"
"R3-long-only","oze-bo1",2,"ok","0",0,,,0,0,7.50972895900486,"bnode021","2026-09-30T14:16:23.884382+00:00"
"R3-long-only","silo-bo1",2,"ok","0",2,0,,6,0,5.510902943002293,"bnode021","2026-09-30T14:16:31.413971+00:00"
