match	leaf/README.md	output/insights/2026-09-13/paper-story-a1-balanced5-sized/README.md	sha256=880919db73901d44ed3f8e6508239267d1acc15c2be997603edbe2b7c6db2d88	bytes=3282	mtime=1789710620
match	leaf/receipt.json	output/insights/2026-09-13/paper-story-a1-balanced5-sized/receipt.json	sha256=a2039dc1457cf34828714a98955faf3df68d335c0442d144122686f4e177e930	bytes=19343	mtime=1789710620
match	leaf/result.json	output/insights/2026-09-13/paper-story-a1-balanced5-sized/result.json	sha256=372f199e674cce28d46e2aeeed90b0f5b6c06e894bca63bcb779b580a8bb75a0	bytes=269649	mtime=1789710620
MISMATCH	raw-vs-leaf/result.json	/work/1/SFC/tanab/dev-wave-jobs/dev-wave-paper-story-a1-balanced5-sized-20260913/measurement/attempt-0001/raw/results/result.json	sha256=b080d755f5c6e3df1961d7355fffce923d23827547c9f711eaf7c2986450ace2	bytes=263360
MISMATCH	raw-vs-leaf/receipt.json	/work/1/SFC/tanab/dev-wave-jobs/dev-wave-paper-story-a1-balanced5-sized-20260913/measurement/attempt-0001/raw/results/receipt.json	sha256=7de00bf5515d56a2e6fc791acaa0f505476db60ec7ecacab3dbc15d8ed6b32cb	bytes=18112
match	write-heavy/campaign.lock	/work/1/SFC/tanab/dev-wave-jobs/dev-wave-paper-story-a1-balanced5-sized-20260913/measurement/attempt-0001/jobs/write-heavy/raw/campaign-output/exploration/campaigns/paper-story-a1-write-heavy-paired-ec74e1c8/campaign.lock	sha256=3d3b094e5082147eb83a03ece85067b608beba07a52c965562dbb323f77c2bf6	bytes=5463	mtime=1789680669
match	write-heavy/wal.jsonl	/work/1/SFC/tanab/dev-wave-jobs/dev-wave-paper-story-a1-balanced5-sized-20260913/measurement/attempt-0001/jobs/write-heavy/raw/campaign-output/exploration/campaigns/paper-story-a1-write-heavy-paired-ec74e1c8/runs/wal.jsonl	sha256=43b02eef2a1c16978f6351e591864f4a4d72601f42f76dfa71a6bb469051cd4f	bytes=17933	mtime=1789681198
match	write-heavy/schedule-receipt	/work/1/SFC/tanab/dev-wave-jobs/dev-wave-paper-story-a1-balanced5-sized-20260913/measurement/attempt-0001/jobs/write-heavy/raw/campaign-output/exploration/campaigns/paper-story-a1-write-heavy-paired-ec74e1c8/balanced-schedule-receipt.json	sha256=137b0cc6d263d51db5196f3367f1d77b19e3ec66b6a3d590b8329c55d3cfa28d	bytes=12942	mtime=1789681198
info	write-heavy/wal-lines	10	stages={"build_start": 2, "build_done": 2, "verify_done": 2, "bench_done": 2, "commit": 2}
match	balanced/campaign.lock	/work/1/SFC/tanab/dev-wave-jobs/dev-wave-paper-story-a1-balanced5-sized-20260913/measurement/attempt-0001/jobs/balanced/raw/campaign-output/exploration/campaigns/paper-story-a1-balanced-paired-fdd1cb88/campaign.lock	sha256=3fb0688713962867c6fcd5005b77e81317b61424bf91d718f7b552c5e10f9c1a	bytes=5433	mtime=1789680669
match	balanced/wal.jsonl	/work/1/SFC/tanab/dev-wave-jobs/dev-wave-paper-story-a1-balanced5-sized-20260913/measurement/attempt-0001/jobs/balanced/raw/campaign-output/exploration/campaigns/paper-story-a1-balanced-paired-fdd1cb88/runs/wal.jsonl	sha256=e2530dfec7ed43b30bda282cf1a2d41527f9c68363a90c4aed39fbfafa824511	bytes=17863	mtime=1789681399
match	balanced/schedule-receipt	/work/1/SFC/tanab/dev-wave-jobs/dev-wave-paper-story-a1-balanced5-sized-20260913/measurement/attempt-0001/jobs/balanced/raw/campaign-output/exploration/campaigns/paper-story-a1-balanced-paired-fdd1cb88/balanced-schedule-receipt.json	sha256=2ebe5c4f59a42817e4eb41ee3136d87c540b120c0739257d35d69dbb5b326a2b	bytes=12895	mtime=1789681399
info	balanced/wal-lines	10	stages={"build_start": 2, "build_done": 2, "verify_done": 2, "bench_done": 2, "commit": 2}
match	read-heavy/campaign.lock	/work/1/SFC/tanab/dev-wave-jobs/dev-wave-paper-story-a1-balanced5-sized-20260913/measurement/attempt-0001/jobs/read-heavy/raw/campaign-output/exploration/campaigns/paper-story-a1-read-heavy-paired-9912d892/campaign.lock	sha256=32a213246ed2d8b542df43a82323aa890147caea4fd37deb187bd0515dcf6775	bytes=5447	mtime=1789680696
match	read-heavy/wal.jsonl	/work/1/SFC/tanab/dev-wave-jobs/dev-wave-paper-story-a1-balanced5-sized-20260913/measurement/attempt-0001/jobs/read-heavy/raw/campaign-output/exploration/campaigns/paper-story-a1-read-heavy-paired-9912d892/runs/wal.jsonl	sha256=4001e27c10008eeb98a45ffa8295d209cc3595cd7c5f6e68ed93f6fde2dbb87c	bytes=17940	mtime=1789680996
match	read-heavy/schedule-receipt	/work/1/SFC/tanab/dev-wave-jobs/dev-wave-paper-story-a1-balanced5-sized-20260913/measurement/attempt-0001/jobs/read-heavy/raw/campaign-output/exploration/campaigns/paper-story-a1-read-heavy-paired-9912d892/balanced-schedule-receipt.json	sha256=9b2541ae294cd15afb73b40021b169a69f2a909dacf6cd2b480b58f3c0d2518a	bytes=13005	mtime=1789680996
info	read-heavy/wal-lines	10	stages={"build_start": 2, "build_done": 2, "verify_done": 2, "bench_done": 2, "commit": 2}
info	receipt.keys	formal,job_executions,materialization,policy,promotion_prohibited,recorded_epoch,result,roots,route,scheduler_completion_receipt,schema_version,source_binding,study_id,submission_receipt
info	receipt.formal	False
info	receipt.promotion_prohibited	True
info	receipt.schema_version	paper-story-a1-paired-receipt/v3
info	receipt.study_id	paper-story-a1-20260901-balanced5-sized-v1
