528	/tmp/izanagi_s4loop_xproc_197i6pe1	1114998
5701129893	/tmp/pytest-of-tanab	134610329
25489	/tmp/izanagi-t057-receipt-fd0ef13190a0459cb57f94595d61bc3b-e0b9073ade90dc59578ad30fa8c8ffbe312b9b4e.pickle	134610359
0	/tmp/izanagi_apply_ac0ee1da54a12332.lock	134734562
0	/tmp/izanagi_apply_38bc35e84bc9c047.lock	135035691
720	/tmp/izanagi_s8atrigloop_d44h7c4s	135273584
626	/tmp/izanagi_s4loop_public_1pp3ra10	135273589
4028	/tmp/izanagi_s8atrigloop_provblock_z3my14yz	135280775
7706	/tmp/izanagi_s8atrigloop_driveprov_vz3myxvw	135280829
0	/tmp/izanagi-mutation-78cfe7465c1b01177420.lock	135306688
605	/tmp/izanagi_s4loop_kaavoezu	135306742
0	/tmp/izanagi_apply_12b1c516fddb92c2.lock	135358858
238	/tmp/izanagi_s8atrigloop_reject_bg1y_v3g	135391885
0	/tmp/izanagi-mutation-0081fd26769a411760c4.lock	135391906
595	/tmp/izanagi_projection_tripwire_ggivv10z	135391909
0	/tmp/izanagi-mutation-8c934ea8756cdda76863.lock	135391927
605	/tmp/izanagi_s4loop_6isrikf0	135446522
720	/tmp/izanagi_s8atrigloop_vxjgra8k	135563602
605	/tmp/izanagi_s4loop_1uhg0siw	135571011
238	/tmp/izanagi_s8atrigloop_measurement_7ya0xxxk	135571039
564	/tmp/izanagi_projection_tripwire_bze1ghcl	135571045
418	/tmp/izanagi_s5sortprop_ww7n4jm7	135571055
774	/tmp/izanagi_s8atrigloop_pv108n85	135571065
800	/tmp/izanagi_s8atrigloop_measurement_dnqg5vmm	135571076
0	/tmp/izanagi-t057-receipt-fd0ef13190a0459cb57f94595d61bc3b-e0b9073ade90dc59578ad30fa8c8ffbe312b9b4e.pickle.lock	135571117
49	/tmp/izanagi_s6_public_sweep_gnmk6s42	135578672
821	/tmp/izanagi_s6sweep_lay_qxajw4yd	135578678
1032	/tmp/izanagi_s6sweep_lay_logs700m	135578687
720	/tmp/izanagi_s8atrigloop_oxfe7nl6	135651873
0	/tmp/izanagi-mutation-afe06168e836fdbcc174.lock	135657101
0	/tmp/izanagi-mutation-b645ea884dc7bd4938c5.lock	135657128
413	/tmp/izanagi_s8atrigprop_e2scedxt	135657146
720	/tmp/izanagi_s8atrigloop__7392b2a	135657151
770	/tmp/izanagi_s4loop_prop2_t2khi5f2	135658459
0	/tmp/izanagi-mutation-ba57f8c2d057a4b8b749.lock	135658479
6	/tmp/izanagi_s8afreq_8bo2t4m1	135666508
49	/tmp/izanagi_s8a_public_sweep_jeaur5h_	135666518
49	/tmp/izanagi_s8a_public_sweep_3m2aeahk	135666524
1583	/tmp/izanagi_s8atrigloop_reject_ft_p8u0n	135673497
0	/tmp/izanagi-mutation-0aca1b8025a6db9cba6d.lock	135673508
573	/tmp/izanagi_projection_tripwire_4_hi51y0	135673586
170	/tmp/izanagi_projection_policy_zdhjgrwb	135680452
358	/tmp/izanagi_s5sortprop_mqjkhh86	135680479
411	/tmp/izanagi_projection_tripwire_l6h27ci1	135680489
586	/tmp/izanagi_projection_tripwire_44isdrdh	135683840
2608	/tmp/izanagi_s8atrigloop_stopbefore__ni_i1tt	135683882
0	/tmp/izanagi-mutation-9ec8a13e180aadedb84c.lock	135719652
0	/tmp/izanagi-mutation-51c42bde5b49ab81aa72.lock	135775768
0	/tmp/izanagi-mutation-5e925451580bd011f462.lock	135874289
562	/tmp/izanagi_s5sortloop_6v4_um2w	135909105
720	/tmp/izanagi_s8atrigloop_rqoivq1z	135909108
774	/tmp/izanagi_s8atrigloop_qq1vbat4	135924783
1247	/tmp/izanagi_s8atrigloop_measurement_o6g3aod2	135997153
0	/tmp/izanagi-mutation-ed99dc88094fa11f0806.lock	136005702
874	/tmp/izanagi_s5sortloop_auditreject_8s0q3put	136005749
0	/tmp/izanagi-mutation-a81e2e986e2d9ac4367f.lock	136007562
0	/tmp/izanagi-mutation-acfee351b68622457760.lock	136007563
0	/tmp/izanagi-mutation-27f053911c42bb6ee29a.lock	136007580
107	/tmp/izanagi_s8atrigloop_reject_691s9iaz	136010717
974	/tmp/izanagi_s8atrigloop_synthint_12u7_7vz	136113907
720	/tmp/izanagi_s8atrigloop_h8kxspbq	136113922
800	/tmp/izanagi_s8atrigloop_fresh-default-measurement_3skk69w0	136113930
279	/tmp/izanagi_s8atrigprop_80shaswn	136165195
416	/tmp/izanagi_s8atrigprop_wiat0whd	136165197
2477	/tmp/izanagi_s8atrigloop_provhdr_wzedv_ld	136165234
2848	/tmp/izanagi_s8atrigloop_provmerge_0lvid_k5	136165326
2544	/tmp/izanagi_s8atrigloop_provfwd_clcpda6o	136165345
183	/tmp/izanagi_s8atrigloop_provcorrupt_ujfc0_v8	136165356
0	/tmp/izanagi-mutation-20bde8a7212e556fbed9.lock	136165372
107	/tmp/izanagi_s8atrigloop_mm_gooy5_22	136200161
0	/tmp/izanagi-mutation-1c015243c12611128302.lock	136200162
0	/tmp/izanagi-mutation-bf20276d4c4aa8e053c8.lock	136200185
0	/tmp/izanagi-mutation-a67391a585f1575bfecb.lock	136254869
0	/tmp/izanagi-mutation-72b0ef6cc2328fb54ac6.lock	136254874
0	/tmp/izanagi-mutation-53bf2f237328912cbb28.lock	136254875
0	/tmp/izanagi-mutation-2ca44f1d67a68af52d81.lock	136254908
0	/tmp/izanagi-mutation-7a8493bdb15dbabc5acc.lock	136327323
0	/tmp/izanagi-mutation-e0d46e0317c517e731ee.lock	137963543
0	/tmp/izanagi-mutation-fcd6327d5186111ff48e.lock	137963570
0	/tmp/izanagi-mutation-dfaec8280cce82d74a1c.lock	137966624
0	/tmp/izanagi-mutation-5ed6e0b2ce817c238481.lock	138414414
0	/tmp/izanagi-mutation-dba9ccc0a51dd8616ad9.lock	140128800
0	/tmp/izanagi-mutation-da16995de31556052342.lock	140146986
546	/tmp/izanagi_projection_tripwire_ngzf7vcf	17963413
562	/tmp/izanagi_s5sortloop_t4_j1xhq	17963429
558	/tmp/izanagi_projection_tripwire_36xi_6aw	17966490
720	/tmp/izanagi_s8atrigloop_lgq_dyv4	17976899
517	/tmp/izanagi_s4loop_ckpt_n5824hxh	17976904
2839	/tmp/izanagi_s6sweep_lay_qwye55sq	18015411
845	/tmp/izanagi_s6sweep_lay_wliw37o1	18015421
720	/tmp/izanagi_s8atrigloop_3_45rg8u	18042238
409	/tmp/izanagi_projection_tripwire_vx6_8fdg	18053123
49	/tmp/izanagi_s8a_public_sweep_yalt5e47	18058056
107	/tmp/izanagi_s8a_eval_admission_zepsmbuk	18058060
49	/tmp/izanagi_s8a_public_sweep_irt0ved9	18058063
176	/tmp/izanagi_s8afreq_b_tvzrk9	18058067
251	/tmp/izanagi_s8afreq_yfyxontr	18058069
3276	/tmp/izanagi_s8ascreen_si0wpbih	18058072
720	/tmp/izanagi_s8atrigloop_t2rdiwvy	18060302
584	/tmp/izanagi_projection_tripwire_ynlz03kv	18060329
593	/tmp/izanagi_projection_tripwire_aqjt46tn	18068376
562	/tmp/izanagi_s5sortloop_v68l25ro	18068387
107	/tmp/izanagi_s8atrigloop_reject_f8cmngak	18068413
496	/tmp/izanagi_s4loop_dupnores_7y43pd39	18068425
936	/tmp/izanagi_s5sortloop_holeescape_27l1emg4	18068465
562	/tmp/izanagi_s5sortloop_q39lqesy	18128667
446	/tmp/izanagi_s5sortprop_e1mvzusp	18128695
800	/tmp/izanagi_s8atrigloop_measurement_47qssh8_	18128701
774	/tmp/izanagi_s8atrigloop_p9h5mp_x	18327764
828	/tmp/izanagi_s8atrigloop_measurement_pouxbwvf	18364999
720	/tmp/izanagi_s8atrigloop_mcoy641a	18412414
242	/tmp/izanagi_s8atrigloop_reject_ap_te76s	18433090
605	/tmp/izanagi_s4loop_r8p18jf6	18433091
605	/tmp/izanagi_s4loop_x07ld91k	18433127
575	/tmp/izanagi_s4loop_9lztbds6	18497907
45	/tmp/izanagi_s4loop_bad_bg6rcm0k	18497912
238	/tmp/izanagi_s8atrigloop_reject_ix_jnmg2	18805585
720	/tmp/izanagi_s8atrigloop_kzo8hq_a	18805618
1668	/tmp/izanagi_s8atrigloop_reject_6bbzjgb5	18812883
107	/tmp/izanagi_s8atrigloop_reject_83kxkz51	18812909
720	/tmp/izanagi_s8atrigloop_5ip1zn81	19400645
605	/tmp/izanagi_s4loop_oe2mj47n	269425867
720	/tmp/izanagi_s8atrigloop_ckls8vgp	269478550
107	/tmp/izanagi_s4loop_empty_ifivmp1r	269479079
238	/tmp/izanagi_s4loop_stopbefore_c3d24pyh	269479090
4819	/tmp/izanagi_s5sortloop_drivereject_dwjd67eo	269610954
682	/tmp/izanagi_s4loop_dupok_b5y_1kln	269610986
376	/tmp/izanagi_projection_tripwire_qd75odma	269631448
424	/tmp/izanagi_projection_tripwire_16ulw34n	270048915
492	/tmp/izanagi_s4loop_dupfail_1tw6gf45	270048930
582	/tmp/izanagi_projection_tripwire_3bd2_4qe	270048933
591	/tmp/izanagi_projection_tripwire_4rxcu9sp	270048939
107	/tmp/izanagi_s4loop_dupempty_p11_o7f6	270048956
967	/tmp/izanagi_s4loop_comment_redact_urh_34qt	270099402
605	/tmp/izanagi_s4loop_rtvdougc	270099404
562	/tmp/izanagi_s5sortloop_eno_ih8s	270104798
107	/tmp/izanagi_s5sortloop_pass_xeivvnsi	270192713
354	/tmp/izanagi_s5sortprop_b07r96ht	270256419
524	/tmp/izanagi_s5sortprop_39_rpfzm	270256424
774	/tmp/izanagi_s8atrigloop_nl5iallu	270356894
774	/tmp/izanagi_s8atrigloop_l09mi894	270452592
605	/tmp/izanagi_s4loop_6_u_9331	270452599
720	/tmp/izanagi_s8atrigloop_hf0vn6y6	270455361
1678	/tmp/izanagi_s8atrigloop_reject_phwobrje	270455363
107	/tmp/izanagi_s8atrigloop_measurement_7jsudq0c	270455440
720	/tmp/izanagi_s8atrigloop_r3uu_s9h	270579025
107	/tmp/izanagi_s8atrigloop_reject_zt_8scc2	270579130
720	/tmp/izanagi_s8atrigloop_usf3rxp5	270682234
828	/tmp/izanagi_s8atrigloop_measurement_3j_qi9q0	270682343
107	/tmp/izanagi_s8atrigloop_measurement_amcqwdyc	270682352
774	/tmp/izanagi_s8atrigloop_ejv4wjc_	270682648
2562	/tmp/izanagi_s8atrigloop_provunion_onoci2jn	27071389
107	/tmp/izanagi_s8atrigloop_provforbid_tlgbjvn6	27071394
1661	/tmp/izanagi_s8atrigloop_fresh-default-reject_2lhkqwi8	270863821
720	/tmp/izanagi_s8atrigloop_dkoretpn	270907086
107	/tmp/izanagi_s8atrigloop_provempty_m46eneh9	271237970
720	/tmp/izanagi_s8atrigloop_lny2gizu	271237989
720	/tmp/izanagi_s8atrigloop_ii2lqgie	271595236
542	/tmp/izanagi_s6sweep_gqw09sv4	277305722
49	/tmp/izanagi_s6_public_sweep_x0k_eqg8	277346315
107	/tmp/izanagi_s6sweep_lay_vk1eyiv4	277346319
370	/tmp/izanagi_s6sweep_lay_fuya_lbt	277346323
49	/tmp/izanagi_s6_public_sweep_5ugpc9pd	277346326
733	/tmp/izanagi_s8asweep_gh_8yid9	277346331
3413	/tmp/izanagi_s8a_public_resume_q4hs7grw	277346334
1411	/tmp/izanagi_s8a_public_fsync_v_3zs54a	277346342
254	/tmp/izanagi_s8afreq_roqzbqd3	277346348
266	/tmp/izanagi_s8afreq_t72cngv4	277346350
7901857	/tmp/izanagi-t126-submit-stage.hEnGGY	284802461
136	/tmp/izanagi_p3-base_s8na8zpc	402740160
605	/tmp/izanagi_s4loop_5wsgpyoc	402740215
973	/tmp/izanagi_s8atrigloop_syntax_tfkl0ze8	402764524
107	/tmp/izanagi_s8atrigloop_measurement_xe3t5nqb	402768823
943	/tmp/izanagi_s4loop_wal2_8yq2l_ay	402774407
391	/tmp/izanagi_projection_tripwire_jawnkowy	402774450
605	/tmp/izanagi_s4loop_tx_9pveb	402774453
944	/tmp/izanagi_s4loop_reflux_aoqnbgfs	402921014
4738	/tmp/izanagi_s4loop_drivereject_f8ub0po8	402952096
107	/tmp/izanagi_s5sortloop_mismatch_vaic54h5	402955616
257	/tmp/izanagi_s4loop_prop_0tuapzdc	402955636
415	/tmp/izanagi_projection_tripwire__xtyct0n	402995072
413	/tmp/izanagi_projection_tripwire_d2vzn_9l	403010755
586	/tmp/izanagi_projection_tripwire_acbcc9ba	403010783
595	/tmp/izanagi_projection_tripwire_xa7y8c14	403010790
562	/tmp/izanagi_s5sortloop_1t9w7t7g	403021013
913	/tmp/izanagi_s5sortloop_auditunc_90qxtgpw	403899235
562	/tmp/izanagi_s5sortloop_jvbvw55t	403899236
1661	/tmp/izanagi_s8atrigloop_reject_mp4r3ojk	403899256
849	/tmp/izanagi_s5sortloop_renderhint_q5h2r_kw	403906371
301	/tmp/izanagi_s5sortprop_l_t88yj8	403906386
456	/tmp/izanagi_s5sortprop_1gkpgou3	403906404
238	/tmp/izanagi_s5sortloop_stopbefore_9yixxg4v	403906408
800	/tmp/izanagi_s8atrigloop_measurement_cqob_fax	403907344
720	/tmp/izanagi_s8atrigloop_y2idsw53	404048819
237	/tmp/izanagi_s8atrigloop_reject_hiwdk5ae	404063802
720	/tmp/izanagi_s8atrigloop_iry6ziok	404104882
720	/tmp/izanagi_s8atrigloop_l8lf1a1j	404104890
774	/tmp/izanagi_s8atrigloop_kdv3dlna	404125459
720	/tmp/izanagi_s8atrigloop_ieo2d1hy	404125581
828	/tmp/izanagi_s8atrigloop_dry-pass-pegasus_ram4hiy2	404125618
107	/tmp/izanagi_s8atrigloop_pass_bkrq_th0	404132341
605	/tmp/izanagi_s4loop_u23s99_x	404132352
941	/tmp/izanagi_s4loop_wal4_umowfdw8	404132402
237	/tmp/izanagi_s8atrigloop_compute-stop-before_cs1kj591	404132686
720	/tmp/izanagi_s8atrigloop_qzio7yz5	404137171
879	/tmp/izanagi_s8atrigloop_audrej_kmq7z_kk	404137172
136	/tmp/izanagi_s6sweep_lay_grm57ryj	404288726
1762	/tmp/izanagi_s6sweep_lay_etfs16g8	404288733
49	/tmp/izanagi_s6_public_sweep_cynds_mr	404288741
2688	/tmp/izanagi_s6sweep_lay_nv0xrxeh	404288750
136	/tmp/izanagi_s8a_reject_gate_fw4kz5ir	404288755
733	/tmp/izanagi_s8asweep_fh6ez7f9	404288758
2445	/tmp/izanagi_s8a_admission_13g9hyrg	404288761
1150	/tmp/izanagi_s8a_admission_error_9bs21zow	404343553
1144	/tmp/izanagi_s8aprov_p5w414_i	404343557
251	/tmp/izanagi_s8afreq_llub1tpd	404343558
7901854	/tmp/izanagi-t126-submit-stage.XOdOMt	427402539
7901857	/tmp/izanagi-t126-submit-stage.tItUs1	427418272
720	/tmp/izanagi_s8atrigloop_kij2n6y3	42826319
605	/tmp/izanagi_s4loop_jz9q9shp	42826359
943	/tmp/izanagi_s4loop_wal_unxpw01s	735122
136	/tmp/izanagi_p3-sort_x41y2n2h	761994
7901854	/tmp/izanagi-t126-submit-stage.sgjd5a	77238398
7901854	/tmp/izanagi-t126-submit-stage.eutLG1	77244191
136	/tmp/izanagi_p3-trigger_sc6z7bxj	816078
944	/tmp/izanagi_s4loop_wal3_kbqt4ju3	816115
