variant	idx	stage	tag	ts	delta_s	commits	aborts	witness	us_per_commit
84319b1127a6	0	build_start	-	1788538029.6383865	0.000	0		None	0.00
84319b1127a6	1	build_done	-	1788538103.2723835	73.634	0		None	0.00
84319b1127a6	2	verify_done	legacy	1788538120.6021314	17.330	640302	251333	640302	27.06
84319b1127a6	3	verify_done	performance	1788538732.5522373	611.950	16844215	3001176	16844215	36.33
84319b1127a6	4	verify_done	performance	1788539328.0708144	595.519	16726902	2983282	16726902	35.60
84319b1127a6	5	verify_done	performance	1788539938.8979743	610.827	16780157	2981639	16780157	36.40
84319b1127a6	6	verify_done	performance	1788540536.9471595	598.049	16689475	2972812	16689475	35.83
84319b1127a6	7	verify_done	performance	1788541138.9679847	602.021	16737677	2990330	16737677	35.97
84319b1127a6	8	commit	-	1788541139.3350618	0.367	0		None	0.00
602b4ce9c788	0	build_start	-	1788541141.671713	0.000	0		None	0.00
602b4ce9c788	1	build_done	-	1788541198.2549555	56.583	0		None	0.00
602b4ce9c788	2	verify_done	legacy	1788541206.5382295	8.283	277526	9017	277526	29.85
602b4ce9c788	3	verify_done	performance	1788541379.607342	173.069	5550763	227687	5550763	31.18
602b4ce9c788	4	verify_done	performance	1788541558.3369384	178.730	5560905	228817	5560905	32.14
602b4ce9c788	5	verify_done	performance	1788541734.2723868	175.935	5546770	225893	5546770	31.72
602b4ce9c788	6	verify_done	performance	1788541911.9260995	177.654	5583613	232520	5583613	31.82
602b4ce9c788	7	verify_done	performance	1788542089.5422192	177.616	5531876	224716	5531876	32.11
602b4ce9c788	8	commit	-	1788542089.666812	0.125	0		None	0.00
5053f150932e	0	build_start	-	1788542092.0025675	0.000	0		None	0.00
5053f150932e	1	build_done	-	1788542145.6001246	53.598	0		None	0.00
5053f150932e	2	verify_done	legacy	1788542163.153799	17.554	646783	253043	646783	27.14
5053f150932e	3	verify_done	performance	1788542772.0187514	608.865	16876647	2972634	16876647	36.08
5053f150932e	4	verify_done	performance	1788543377.578013	605.559	16871278	2986629	16871278	35.89
5053f150932e	5	verify_done	performance	1788543984.987182	607.409	16914356	2988192	16914356	35.91
5053f150932e	6	verify_done	performance	1788544611.8425272	626.855	16953926	2992092	16953926	36.97
5053f150932e	7	verify_done	performance	1788545215.734026	603.891	17011364	3013816	17011364	35.50
5053f150932e	8	commit	-	1788545216.09503	0.361	0		None	0.00
292d58f1dad8	0	build_start	-	1788545218.4331632	0.000	0		None	0.00
292d58f1dad8	1	build_done	-	1788545292.7840035	74.351	0		None	0.00
292d58f1dad8	2	verify_done	legacy	1788545308.9048133	16.121	613815	221526	613815	26.26
292d58f1dad8	3	verify_done	performance	1788545928.7007632	619.796	16943177	2789195	16943177	36.58
292d58f1dad8	4	verify_done	performance	1788546532.508129	603.807	16918921	2791658	16918921	35.69
292d58f1dad8	5	verify_done	performance	1788547144.31317	611.805	16921635	2782069	16921635	36.16
292d58f1dad8	6	verify_done	performance	1788547745.4527898	601.140	16766583	2768728	16766583	35.85
292d58f1dad8	7	verify_done	performance	1788548360.239158	614.786	16844820	2765655	16844820	36.50
292d58f1dad8	8	commit	-	1788548360.6112452	0.372	0		None	0.00
28f49407faea	0	build_start	-	1788548362.903666	0.000	0		None	0.00
28f49407faea	1	build_done	-	1788548432.3112931	69.408	0		None	0.00
28f49407faea	2	verify_done	legacy	1788548448.4265997	16.115	614263	211108	614263	26.24
28f49407faea	3	verify_done	performance	1788549044.9361916	596.510	16628901	2715362	16628901	35.87
28f49407faea	4	verify_done	performance	1788549635.3761642	590.440	16693934	2727934	16693934	35.37
28f49407faea	5	verify_done	performance	1788550230.8711886	595.495	16545850	2711597	16545850	35.99
28f49407faea	6	verify_done	performance	1788550846.6061642	615.735	16686814	2715729	16686814	36.90
28f49407faea	7	verify_done	performance	1788551440.468188	593.862	16625578	2706466	16625578	35.72
28f49407faea	8	commit	-	1788551440.8233173	0.355	0		None	0.00
3a9bac0258b4	0	build_start	-	1788551443.133535	0.000	0		None	0.00
3a9bac0258b4	1	build_done	-	1788551515.587834	72.454	0		None	0.00
3a9bac0258b4	2	verify_done	legacy	1788551530.5325432	14.945	573183	162576	573183	26.07
3a9bac0258b4	3	verify_done	performance	1788552126.017604	595.485	16345160	2399283	16345160	36.43
3a9bac0258b4	4	verify_done	performance	1788552705.5839772	579.566	16367244	2405916	16367244	35.41
3a9bac0258b4	5	verify_done	performance	1788553303.4102974	597.826	16396052	2413439	16396052	36.46
3a9bac0258b4	6	verify_done	performance	1788553887.2436976	583.833	16364887	2414286	16364887	35.68
3a9bac0258b4	7	verify_done	performance	1788554470.851454	583.608	16389435	2412045	16389435	35.61
3a9bac0258b4	8	commit	-	1788554471.209908	0.358	0		None	0.00
3d799a200d81	0	build_start	-	1788554473.5276694	0.000	0		None	0.00
3d799a200d81	1	build_done	-	1788554548.392374	74.865	0		None	0.00
3d799a200d81	2	verify_done	legacy	1788554565.1452446	16.753	574735	159980	574735	29.15
3d799a200d81	3	verify_done	performance	1788555144.4877057	579.342	16229441	2367352	16229441	35.70
3d799a200d81	4	verify_done	performance	1788555732.7777827	588.290	16217482	2367289	16217482	36.28
3d799a200d81	5	verify_done	performance	1788556302.2212782	569.443	16098168	2349812	16098168	35.37
3d799a200d81	6	verify_done	performance	1788556885.2351112	583.014	16241800	2368433	16241800	35.90
3d799a200d81	7	verify_done	performance	1788557459.6088724	574.374	16126270	2352684	16126270	35.62
3d799a200d81	8	commit	-	1788557459.9636445	0.355	0		None	0.00
5f50c97546e4	0	build_start	-	1788557462.228062	0.000	0		None	0.00
5f50c97546e4	1	build_done	-	1788557539.5006502	77.273	0		None	0.00
5f50c97546e4	2	verify_done	legacy	1788557554.0975513	14.597	528737	122319	528737	27.61
5f50c97546e4	3	verify_done	performance	1788558119.7200575	565.623	15555946	2120768	15555946	36.36
5f50c97546e4	4	verify_done	performance	1788558671.9121792	552.192	15383473	2093432	15383473	35.90
5f50c97546e4	5	verify_done	performance	1788559223.481727	551.570	15540549	2116955	15540549	35.49
5f50c97546e4	6	verify_done	performance	1788559779.6413598	556.160	15622192	2117851	15622192	35.60
5f50c97546e4	7	verify_done	performance	1788560351.150593	571.509	15593462	2112545	15593462	36.65
5f50c97546e4	8	commit	-	1788560351.4961975	0.346	0		None	0.00
4f4328d62b61	0	build_start	-	1788560353.7874303	0.000	0		None	0.00
4f4328d62b61	1	build_done	-	1788560404.4884706	50.701	0		None	0.00
4f4328d62b61	2	verify_done	legacy	1788560418.5164826	14.028	522482	118606	522482	26.85
4f4328d62b61	3	verify_done	performance	1788560967.0905588	548.574	15537660	2062581	15537660	35.31
4f4328d62b61	4	verify_done	performance	1788561530.2571158	563.167	15516175	2070049	15516175	36.30
4f4328d62b61	5	verify_done	performance	1788562080.6186233	550.362	15501133	2060280	15501133	35.50
4f4328d62b61	6	verify_done	performance	1788562648.6536217	568.035	15468203	2056510	15468203	36.72
4f4328d62b61	7	verify_done	performance	1788563206.0788834	557.425	15538628	2059979	15538628	35.87
4f4328d62b61	8	commit	-	1788563206.424562	0.346	0		None	0.00
b4cc20b3b0d7	0	build_start	-	1788563208.6769335	0.000	0		None	0.00
b4cc20b3b0d7	1	build_done	-	1788563259.9609103	51.284	0		None	0.00
b4cc20b3b0d7	2	verify_done	legacy	1788563272.031558	12.071	443284	71231	443284	27.23
b4cc20b3b0d7	3	verify_done	performance	1788563763.5169923	491.485	13847390	1563453	13847390	35.49
b4cc20b3b0d7	4	verify_done	performance	1788564247.3584478	483.841	13847117	1556508	13847117	34.94
b4cc20b3b0d7	5	verify_done	performance	1788564744.217299	496.859	13779167	1551145	13779167	36.06
b4cc20b3b0d7	6	verify_done	performance	1788565226.5178072	482.301	13829222	1561170	13829222	34.88
b4cc20b3b0d7	7	verify_done	performance	1788565720.2558806	493.738	13786425	1556097	13786425	35.81
b4cc20b3b0d7	8	commit	-	1788565720.5789251	0.323	0		None	0.00
2356938137e1	0	build_start	-	1788565722.8333685	0.000	0		None	0.00
2356938137e1	1	build_done	-	1788565773.0427566	50.209	0		None	0.00
2356938137e1	2	verify_done	legacy	1788565785.1557279	12.113	443769	70446	443769	27.30
2356938137e1	3	verify_done	performance	1788566280.866687	495.711	13849750	1522871	13849750	35.79
2356938137e1	4	verify_done	performance	1788566768.4719489	487.605	13786884	1520708	13786884	35.37
2356938137e1	5	verify_done	performance	1788567255.0915582	486.620	13871151	1524043	13871151	35.08
2356938137e1	6	verify_done	performance	1788567753.7665186	498.675	13860982	1526159	13860982	35.98
2356938137e1	7	verify_done	performance	1788568239.958334	486.192	13794114	1520674	13794114	35.25
2356938137e1	8	commit	-	1788568240.2563686	0.298	0		None	0.00
5a69148b9c7c	0	build_start	-	1788568242.5873888	0.000	0		None	0.00
5a69148b9c7c	1	build_done	-	1788568295.6472962	53.060	0		None	0.00
5a69148b9c7c	2	verify_done	legacy	1788568306.6077776	10.960	385770	43725	385770	28.41
5a69148b9c7c	3	verify_done	performance	1788568732.1388562	425.531	12060300	1112652	12060300	35.28
5a69148b9c7c	4	verify_done	performance	1788569150.7108374	418.572	12056603	1113707	12056603	34.72
5a69148b9c7c	5	verify_done	performance	1788569569.4550617	418.744	12052033	1110609	12052033	34.74
5a69148b9c7c	6	verify_done	performance	1788569996.7994642	427.344	12077322	1111027	12077322	35.38
5a69148b9c7c	7	verify_done	performance	1788570415.1046925	418.305	12040256	1112439	12040256	34.74
5a69148b9c7c	8	commit	-	1788570415.3616009	0.257	0		None	0.00
16f1945c8d95	0	build_start	-	1788570417.6631892	0.000	0		None	0.00
16f1945c8d95	1	build_done	-	1788570469.8594925	52.196	0		None	0.00
16f1945c8d95	2	verify_done	legacy	1788570481.0349348	11.175	387822	43345	387822	28.82
16f1945c8d95	3	verify_done	performance	1788570906.0919495	425.057	12065118	1085596	12065118	35.23
16f1945c8d95	4	verify_done	performance	1788571325.1381586	419.046	12146511	1093637	12146511	34.50
16f1945c8d95	5	verify_done	performance	1788571742.7639782	417.626	12160072	1090265	12160072	34.34
16f1945c8d95	6	verify_done	performance	1788572169.8284042	427.064	12043738	1077681	12043738	35.46
16f1945c8d95	7	verify_done	performance	1788572614.0560706	444.228	12150829	1090689	12150829	36.56
16f1945c8d95	8	commit	-	1788572614.3215923	0.266	0		None	0.00
491aa405960f	0	build_start	-	1788572616.625913	0.000	0		None	0.00
491aa405960f	1	build_done	-	1788572673.6555429	57.030	0		None	0.00
491aa405960f	2	verify_done	legacy	1788572683.6035943	9.948	335347	24882	335347	29.66
491aa405960f	3	verify_done	performance	1788573020.0523741	336.449	10034078	722935	10034078	33.53
491aa405960f	4	verify_done	performance	1788573367.2591672	347.207	10045919	724426	10045919	34.56
491aa405960f	5	verify_done	performance	1788573708.507591	341.248	10037138	725591	10037138	34.00
491aa405960f	6	verify_done	performance	1788574049.431763	340.924	10021349	722331	10021349	34.02
491aa405960f	7	verify_done	performance	1788574393.3346279	343.903	10052814	723544	10052814	34.21
491aa405960f	8	commit	-	1788574393.5466523	0.212	0		None	0.00
c7c331ebe662	0	build_start	-	1788574395.838294	0.000	0		None	0.00
c7c331ebe662	1	build_done	-	1788574456.0169294	60.179	0		None	0.00
c7c331ebe662	2	verify_done	legacy	1788574465.8043373	9.787	333671	24706	333671	29.33
c7c331ebe662	3	verify_done	performance	1788574804.890872	339.087	10132348	714835	10132348	33.47
c7c331ebe662	4	verify_done	performance	1788575155.218774	350.328	10135366	715676	10135366	34.56
c7c331ebe662	5	verify_done	performance	1788575501.215891	345.997	10198678	715876	10198678	33.93
c7c331ebe662	6	verify_done	performance	1788575852.806131	351.590	10147403	714776	10147403	34.65
c7c331ebe662	7	verify_done	performance	1788576196.8296258	344.023	10165269	714213	10165269	33.84
c7c331ebe662	8	commit	-	1788576197.06124	0.232	0		None	0.00
